epoch_no,train_loss,train_classification_accuracy,train_f1,train_accuracy_global,train_precision_global,train_recall_global,train_f1_global,train_specificity_global,train_accuracy_per_class,train_precision_per_class,train_recall_per_class,train_f1_per_class,train_specificity_per_class,train_accuracy_per_class_average,train_precision_per_class_average,train_recall_per_class_average,train_f1_per_class_average,train_specificity_per_class_average,train_accuracy_per_class_weighted,train_precision_per_class_weighted,train_recall_per_class_weighted,train_f1_per_class_weighted,train_specificity_per_class_weighted,train_mcc
0,1.190600042740504,0.35833333333333334,0.3083333384990692,0.3583333194255829,0.3583333194255829,0.3583333194255829,0.3583333194255829,0.6791666746139526,0.2549999952316284_0.014999999664723873_0.8050000071525574,0.5_0.1428571492433548_0.33752620220184326,0.2549999952316284_0.014999999664723873_0.8050000071525574,0.33774834871292114_0.027149321511387825_0.4756277799606323,0.8725000023841858_0.9549999833106995_0.20999999344348907,0.3583333492279053,0.32679444551467896,0.3583333492279053,0.2801751494407654,0.6791666150093079,0.3583333492279053,0.32679444551467896,0.3583333492279053,0.2801751494407654,0.6791666150093079,0.05267731845378876
1,1.2157102640469868,0.33666666666666667,0.266111115415891,0.33666667342185974,0.33666667342185974,0.33666667342185974,0.33666667342185974,0.6683333516120911,0.014999999664723873_0.0_0.9950000047683716,0.5_0.0_0.3350168466567993,0.014999999664723873_0.0_0.9950000047683716,0.029126213863492012_0.0_0.501259446144104,0.9925000071525574_1.0_0.012500000186264515,0.33666667342185974,0.2783389687538147,0.33666667342185974,0.17679521441459656,0.6683333516120911,0.33666667342185974,0.2783389687538147,0.33666667342185974,0.17679521441459656,0.6683333516120911,0.02901294268667698
2,1.2181114355723064,0.3333333333333333,0.2600000043710073,0.3333333432674408,0.3333333432674408,0.3333333432674408,0.3333333432674408,0.6666666865348816,0.0_0.0_1.0,0.0_0.0_0.3333333432674408,0.0_0.0_1.0,0.0_0.0_0.5,1.0_1.0_0.0,0.3333333432674408,0.1111111119389534,0.3333333432674408,0.1666666716337204,0.6666666865348816,0.3333333432674408,0.111111119389534,0.3333333432674408,0.1666666716337204,0.6666666865348816,0
3,1.2181114355723064,0.3333333333333333,0.2522222270568212,0.3333333432674408,0.3333333432674408,0.3333333432674408,0.3333333432674408,0.6666666865348816,0.0_0.0_1.0,0.0_0.0_0.3333333432674408,0.0_0.0_1.0,0.0_0.0_0.5,1.0_1.0_0.0,0.3333333432674408,0.1111111119389534,0.3333333432674408,0.1666666716337204,0.6666666865348816,0.3333333432674408,0.111111119389534,0.3333333432674408,0.1666666716337204,0.6666666865348816,0
4,1.2181114355723064,0.3333333333333333,0.2577777822812398,0.3333333432674408,0.3333333432674408,0.3333333432674408,0.3333333432674408,0.6666666865348816,0.0_0.0_1.0,0.0_0.0_0.3333333432674408,0.0_0.0_1.0,0.0_0.0_0.5,1.0_1.0_0.0,0.3333333432674408,0.1111111119389534,0.3333333432674408,0.1666666716337204,0.6666666865348816,0.3333333432674408,0.111111119389534,0.3333333432674408,0.1666666716337204,0.6666666865348816,0
5,1.2181114355723064,0.3333333333333333,0.261111115415891,0.3333333432674408,0.3333333432674408,0.3333333432674408,0.3333333432674408,0.6666666865348816,0.0_0.0_1.0,0.0_0.0_0.3333333432674408,0.0_0.0_1.0,0.0_0.0_0.5,1.0_1.0_0.0,0.3333333432674408,0.1111111119389534,0.3333333432674408,0.1666666716337204,0.6666666865348816,0.3333333432674408,0.111111119389534,0.3333333432674408,0.1666666716337204,0.6666666865348816,0
6,1.2181114355723064,0.3333333333333333,0.2577777822812398,0.3333333432674408,0.3333333432674408,0.3333333432674408,0.3333333432674408,0.6666666865348816,0.0_0.0_1.0,0.0_0.0_0.3333333432674408,0.0_0.0_1.0,0.0_0.0_0.5,1.0_1.0_0.0,0.3333333432674408,0.1111111119389534,0.3333333432674408,0.1666666716337204,0.6666666865348816,0.3333333432674408,0.111111119389534,0.3333333432674408,0.1666666716337204,0.6666666865348816,0
7,1.2181114355723064,0.3333333333333333,0.2577777822812398,0.3333333432674408,0.3333333432674408,0.3333333432674408,0.3333333432674408,0.6666666865348816,0.0_0.0_1.0,0.0_0.0_0.3333333432674408,0.0_0.0_1.0,0.0_0.0_0.5,1.0_1.0_0.0,0.3333333432674408,0.1111111119389534,0.3333333432674408,0.1666666716337204,0.6666666865348816,0.3333333432674408,0.111111119389534,0.3333333432674408,0.1666666716337204,0.6666666865348816,0
8,1.2181114355723064,0.3333333333333333,0.26222222646077475,0.3333333432674408,0.3333333432674408,0.3333333432674408,0.3333333432674408,0.6666666865348816,0.0_0.0_1.0,0.0_0.0_0.3333333432674408,0.0_0.0_1.0,0.0_0.0_0.5,1.0_1.0_0.0,0.3333333432674408,0.1111111119389534,0.3333333432674408,0.1666666716337204,0.6666666865348816,0.3333333432674408,0.111111119389534,0.3333333432674408,0.1666666716337204,0.6666666865348816,0
9,1.2181114355723064,0.3333333333333333,0.27000000377496086,0.3333333432674408,0.3333333432674408,0.3333333432674408,0.3333333432674408,0.6666666865348816,0.0_0.0_1.0,0.0_0.0_0.3333333432674408,0.0_0.0_1.0,0.0_0.0_0.5,1.0_1.0_0.0,0.3333333432674408,0.1111111119389534,0.3333333432674408,0.1666666716337204,0.6666666865348816,0.3333333432674408,0.111111119389534,0.3333333432674408,0.1666666716337204,0.6666666865348816,0
10,1.2181114355723064,0.3333333333333333,0.2588888933261236,0.3333333432674408,0.3333333432674408,0.3333333432674408,0.3333333432674408,0.6666666865348816,0.0_0.0_1.0,0.0_0.0_0.3333333432674408,0.0_0.0_1.0,0.0_0.0_0.5,1.0_1.0_0.0,0.3333333432674408,0.1111111119389534,0.3333333432674408,0.1666666716337204,0.6666666865348816,0.3333333432674408,0.111111119389534,0.3333333432674408,0.1666666716337204,0.6666666865348816,0
11,1.2181114355723064,0.3333333333333333,0.26222222646077475,0.3333333432674408,0.3333333432674408,0.3333333432674408,0.3333333432674408,0.6666666865348816,0.0_0.0_1.0,0.0_0.0_0.3333333432674408,0.0_0.0_1.0,0.0_0.0_0.5,1.0_1.0_0.0,0.3333333432674408,0.1111111119389534,0.3333333432674408,0.1666666716337204,0.6666666865348816,0.3333333432674408,0.111111119389534,0.3333333432674408,0.1666666716337204,0.6666666865348816,0
12,1.2181114355723064,0.3333333333333333,0.2655555595954259,0.3333333432674408,0.3333333432674408,0.3333333432674408,0.3333333432674408,0.6666666865348816,0.0_0.0_1.0,0.0_0.0_0.3333333432674408,0.0_0.0_1.0,0.0_0.0_0.5,1.0_1.0_0.0,0.3333333432674408,0.1111111119389534,0.3333333432674408,0.1666666716337204,0.6666666865348816,0.3333333432674408,0.111111119389534,0.3333333432674408,0.1666666716337204,0.6666666865348816,0
13,1.2181114355723064,0.3333333333333333,0.25555556019147235,0.3333333432674408,0.3333333432674408,0.3333333432674408,0.3333333432674408,0.6666666865348816,0.0_0.0_1.0,0.0_0.0_0.3333333432674408,0.0_0.0_1.0,0.0_0.0_0.5,1.0_1.0_0.0,0.3333333432674408,0.1111111119389534,0.3333333432674408,0.1666666716337204,0.6666666865348816,0.3333333432674408,0.111111119389534,0.3333333432674408,0.1666666716337204,0.6666666865348816,0
14,1.2181114355723064,0.3333333333333333,0.2600000043710073,0.3333333432674408,0.3333333432674408,0.3333333432674408,0.3333333432674408,0.6666666865348816,0.0_0.0_1.0,0.0_0.0_0.3333333432674408,0.0_0.0_1.0,0.0_0.0_0.5,1.0_1.0_0.0,0.3333333432674408,0.1111111119389534,0.3333333432674408,0.1666666716337204,0.6666666865348816,0.3333333432674408,0.111111119389534,0.3333333432674408,0.1666666716337204,0.6666666865348816,0
15,1.2181114355723064,0.3333333333333333,0.2588888933261236,0.3333333432674408,0.3333333432674408,0.3333333432674408,0.3333333432674408,0.6666666865348816,0.0_0.0_1.0,0.0_0.0_0.3333333432674408,0.0_0.0_1.0,0.0_0.0_0.5,1.0_1.0_0.0,0.3333333432674408,0.1111111119389534,0.3333333432674408,0.1666666716337204,0.6666666865348816,0.3333333432674408,0.111111119389534,0.3333333432674408,0.1666666716337204,0.6666666865348816,0
16,1.2181114355723064,0.3333333333333333,0.261111115415891,0.3333333432674408,0.3333333432674408,0.3333333432674408,0.3333333432674408,0.6666666865348816,0.0_0.0_1.0,0.0_0.0_0.3333333432674408,0.0_0.0_1.0,0.0_0.0_0.5,1.0_1.0_0.0,0.3333333432674408,0.1111111119389534,0.3333333432674408,0.1666666716337204,0.6666666865348816,0.3333333432674408,0.111111119389534,0.3333333432674408,0.1666666716337204,0.6666666865348816,0
17,1.2181114355723064,0.3333333333333333,0.2600000043710073,0.3333333432674408,0.3333333432674408,0.3333333432674408,0.3333333432674408,0.6666666865348816,0.0_0.0_1.0,0.0_0.0_0.3333333432674408,0.0_0.0_1.0,0.0_0.0_0.5,1.0_1.0_0.0,0.3333333432674408,0.1111111119389534,0.3333333432674408,0.1666666716337204,0.6666666865348816,0.3333333432674408,0.111111119389534,0.3333333432674408,0.1666666716337204,0.6666666865348816,0
18,1.2181114355723064,0.3333333333333333,0.261111115415891,0.3333333432674408,0.3333333432674408,0.3333333432674408,0.3333333432674408,0.6666666865348816,0.0_0.0_1.0,0.0_0.0_0.3333333432674408,0.0_0.0_1.0,0.0_0.0_0.5,1.0_1.0_0.0,0.3333333432674408,0.1111111119389534,0.3333333432674408,0.1666666716337204,0.6666666865348816,0.3333333432674408,0.111111119389534,0.3333333432674408,0.1666666716337204,0.6666666865348816,0
19,1.2181114355723064,0.3333333333333333,0.2566666712363561,0.3333333432674408,0.3333333432674408,0.3333333432674408,0.3333333432674408,0.6666666865348816,0.0_0.0_1.0,0.0_0.0_0.3333333432674408,0.0_0.0_1.0,0.0_0.0_0.5,1.0_1.0_0.0,0.3333333432674408,0.1111111119389534,0.3333333432674408,0.1666666716337204,0.6666666865348816,0.3333333432674408,0.111111119389534,0.3333333432674408,0.1666666716337204,0.6666666865348816,0
20,1.2181114355723064,0.3333333333333333,0.2600000043710073,0.3333333432674408,0.3333333432674408,0.3333333432674408,0.3333333432674408,0.6666666865348816,0.0_0.0_1.0,0.0_0.0_0.3333333432674408,0.0_0.0_1.0,0.0_0.0_0.5,1.0_1.0_0.0,0.3333333432674408,0.1111111119389534,0.3333333432674408,0.1666666716337204,0.6666666865348816,0.3333333432674408,0.111111119389534,0.3333333432674408,0.1666666716337204,0.6666666865348816,0
21,1.2181114355723064,0.3333333333333333,0.2655555595954259,0.3333333432674408,0.3333333432674408,0.3333333432674408,0.3333333432674408,0.6666666865348816,0.0_0.0_1.0,0.0_0.0_0.3333333432674408,0.0_0.0_1.0,0.0_0.0_0.5,1.0_1.0_0.0,0.3333333432674408,0.1111111119389534,0.3333333432674408,0.1666666716337204,0.6666666865348816,0.3333333432674408,0.111111119389534,0.3333333432674408,0.1666666716337204,0.6666666865348816,0
22,1.2181114355723064,0.3333333333333333,0.26333333750565846,0.3333333432674408,0.3333333432674408,0.3333333432674408,0.3333333432674408,0.6666666865348816,0.0_0.0_1.0,0.0_0.0_0.3333333432674408,0.0_0.0_1.0,0.0_0.0_0.5,1.0_1.0_0.0,0.3333333432674408,0.1111111119389534,0.3333333432674408,0.1666666716337204,0.6666666865348816,0.3333333432674408,0.111111119389534,0.3333333432674408,0.1666666716337204,0.6666666865348816,0
23,1.2181114355723064,0.3333333333333333,0.2577777822812398,0.3333333432674408,0.3333333432674408,0.3333333432674408,0.3333333432674408,0.6666666865348816,0.0_0.0_1.0,0.0_0.0_0.3333333432674408,0.0_0.0_1.0,0.0_0.0_0.5,1.0_1.0_0.0,0.3333333432674408,0.1111111119389534,0.3333333432674408,0.1666666716337204,0.6666666865348816,0.3333333432674408,0.111111119389534,0.3333333432674408,0.1666666716337204,0.6666666865348816,0
24,1.2181114355723064,0.3333333333333333,0.261111115415891,0.3333333432674408,0.3333333432674408,0.3333333432674408,0.3333333432674408,0.6666666865348816,0.0_0.0_1.0,0.0_0.0_0.3333333432674408,0.0_0.0_1.0,0.0_0.0_0.5,1.0_1.0_0.0,0.3333333432674408,0.1111111119389534,0.3333333432674408,0.1666666716337204,0.6666666865348816,0.3333333432674408,0.111111119389534,0.3333333432674408,0.1666666716337204,0.6666666865348816,0
25,1.2181114355723064,0.3333333333333333,0.2644444485505422,0.3333333432674408,0.3333333432674408,0.3333333432674408,0.3333333432674408,0.6666666865348816,0.0_0.0_1.0,0.0_0.0_0.3333333432674408,0.0_0.0_1.0,0.0_0.0_0.5,1.0_1.0_0.0,0.3333333432674408,0.1111111119389534,0.3333333432674408,0.1666666716337204,0.6666666865348816,0.3333333432674408,0.111111119389534,0.3333333432674408,0.1666666716337204,0.6666666865348816,0
26,1.2181114355723064,0.3333333333333333,0.2588888933261236,0.3333333432674408,0.3333333432674408,0.3333333432674408,0.3333333432674408,0.6666666865348816,0.0_0.0_1.0,0.0_0.0_0.3333333432674408,0.0_0.0_1.0,0.0_0.0_0.5,1.0_1.0_0.0,0.3333333432674408,0.1111111119389534,0.3333333432674408,0.1666666716337204,0.6666666865348816,0.3333333432674408,0.111111119389534,0.3333333432674408,0.1666666716337204,0.6666666865348816,0
27,1.2181114355723064,0.3333333333333333,0.2600000043710073,0.3333333432674408,0.3333333432674408,0.3333333432674408,0.3333333432674408,0.6666666865348816,0.0_0.0_1.0,0.0_0.0_0.3333333432674408,0.0_0.0_1.0,0.0_0.0_0.5,1.0_1.0_0.0,0.3333333432674408,0.1111111119389534,0.3333333432674408,0.1666666716337204,0.6666666865348816,0.3333333432674408,0.111111119389534,0.3333333432674408,0.1666666716337204,0.6666666865348816,0
28,1.2181114355723064,0.3333333333333333,0.26333333750565846,0.3333333432674408,0.3333333432674408,0.3333333432674408,0.3333333432674408,0.6666666865348816,0.0_0.0_1.0,0.0_0.0_0.3333333432674408,0.0_0.0_1.0,0.0_0.0_0.5,1.0_1.0_0.0,0.3333333432674408,0.1111111119389534,0.3333333432674408,0.1666666716337204,0.6666666865348816,0.3333333432674408,0.111111119389534,0.3333333432674408,0.1666666716337204,0.6666666865348816,0
29,1.2181114355723064,0.3333333333333333,0.2600000043710073,0.3333333432674408,0.3333333432674408,0.3333333432674408,0.3333333432674408,0.6666666865348816,0.0_0.0_1.0,0.0_0.0_0.3333333432674408,0.0_0.0_1.0,0.0_0.0_0.5,1.0_1.0_0.0,0.3333333432674408,0.1111111119389534,0.3333333432674408,0.1666666716337204,0.6666666865348816,0.3333333432674408,0.111111119389534,0.3333333432674408,0.1666666716337204,0.6666666865348816,0
30,1.2181114355723064,0.3333333333333333,0.26222222646077475,0.3333333432674408,0.3333333432674408,0.3333333432674408,0.3333333432674408,0.6666666865348816,0.0_0.0_1.0,0.0_0.0_0.3333333432674408,0.0_0.0_1.0,0.0_0.0_0.5,1.0_1.0_0.0,0.3333333432674408,0.1111111119389534,0.3333333432674408,0.1666666716337204,0.6666666865348816,0.3333333432674408,0.111111119389534,0.3333333432674408,0.1666666716337204,0.6666666865348816,0
31,1.2181114355723064,0.3333333333333333,0.2588888933261236,0.3333333432674408,0.3333333432674408,0.3333333432674408,0.3333333432674408,0.6666666865348816,0.0_0.0_1.0,0.0_0.0_0.3333333432674408,0.0_0.0_1.0,0.0_0.0_0.5,1.0_1.0_0.0,0.3333333432674408,0.1111111119389534,0.3333333432674408,0.1666666716337204,0.6666666865348816,0.3333333432674408,0.111111119389534,0.3333333432674408,0.1666666716337204,0.6666666865348816,0
32,1.2181114355723064,0.3333333333333333,0.26333333750565846,0.3333333432674408,0.3333333432674408,0.3333333432674408,0.3333333432674408,0.6666666865348816,0.0_0.0_1.0,0.0_0.0_0.3333333432674408,0.0_0.0_1.0,0.0_0.0_0.5,1.0_1.0_0.0,0.3333333432674408,0.1111111119389534,0.3333333432674408,0.1666666716337204,0.6666666865348816,0.3333333432674408,0.111111119389534,0.3333333432674408,0.1666666716337204,0.6666666865348816,0
33,1.2181114355723064,0.3333333333333333,0.2600000043710073,0.3333333432674408,0.3333333432674408,0.3333333432674408,0.3333333432674408,0.6666666865348816,0.0_0.0_1.0,0.0_0.0_0.3333333432674408,0.0_0.0_1.0,0.0_0.0_0.5,1.0_1.0_0.0,0.3333333432674408,0.1111111119389534,0.3333333432674408,0.1666666716337204,0.6666666865348816,0.3333333432674408,0.111111119389534,0.3333333432674408,0.1666666716337204,0.6666666865348816,0
34,1.2181114355723064,0.3333333333333333,0.26222222646077475,0.3333333432674408,0.3333333432674408,0.3333333432674408,0.3333333432674408,0.6666666865348816,0.0_0.0_1.0,0.0_0.0_0.3333333432674408,0.0_0.0_1.0,0.0_0.0_0.5,1.0_1.0_0.0,0.3333333432674408,0.1111111119389534,0.3333333432674408,0.1666666716337204,0.6666666865348816,0.3333333432674408,0.111111119389534,0.3333333432674408,0.1666666716337204,0.6666666865348816,0
35,1.2181114355723064,0.3333333333333333,0.25555556019147235,0.3333333432674408,0.3333333432674408,0.3333333432674408,0.3333333432674408,0.6666666865348816,0.0_0.0_1.0,0.0_0.0_0.3333333432674408,0.0_0.0_1.0,0.0_0.0_0.5,1.0_1.0_0.0,0.3333333432674408,0.1111111119389534,0.3333333432674408,0.1666666716337204,0.6666666865348816,0.3333333432674408,0.111111119389534,0.3333333432674408,0.1666666716337204,0.6666666865348816,0
36,1.2181114355723064,0.3333333333333333,0.261111115415891,0.3333333432674408,0.3333333432674408,0.3333333432674408,0.3333333432674408,0.6666666865348816,0.0_0.0_1.0,0.0_0.0_0.3333333432674408,0.0_0.0_1.0,0.0_0.0_0.5,1.0_1.0_0.0,0.3333333432674408,0.1111111119389534,0.3333333432674408,0.1666666716337204,0.6666666865348816,0.3333333432674408,0.111111119389534,0.3333333432674408,0.1666666716337204,0.6666666865348816,0
37,1.2181114355723064,0.3333333333333333,0.26666667064030963,0.3333333432674408,0.3333333432674408,0.3333333432674408,0.3333333432674408,0.6666666865348816,0.0_0.0_1.0,0.0_0.0_0.3333333432674408,0.0_0.0_1.0,0.0_0.0_0.5,1.0_1.0_0.0,0.3333333432674408,0.1111111119389534,0.3333333432674408,0.1666666716337204,0.6666666865348816,0.3333333432674408,0.111111119389534,0.3333333432674408,0.1666666716337204,0.6666666865348816,0
38,1.2181114355723064,0.3333333333333333,0.2655555595954259,0.3333333432674408,0.3333333432674408,0.3333333432674408,0.3333333432674408,0.6666666865348816,0.0_0.0_1.0,0.0_0.0_0.3333333432674408,0.0_0.0_1.0,0.0_0.0_0.5,1.0_1.0_0.0,0.3333333432674408,0.1111111119389534,0.3333333432674408,0.1666666716337204,0.6666666865348816,0.3333333432674408,0.111111119389534,0.3333333432674408,0.1666666716337204,0.6666666865348816,0
39,1.2181114355723064,0.3333333333333333,0.26333333750565846,0.3333333432674408,0.3333333432674408,0.3333333432674408,0.3333333432674408,0.6666666865348816,0.0_0.0_1.0,0.0_0.0_0.3333333432674408,0.0_0.0_1.0,0.0_0.0_0.5,1.0_1.0_0.0,0.3333333432674408,0.1111111119389534,0.3333333432674408,0.1666666716337204,0.6666666865348816,0.3333333432674408,0.111111119389534,0.3333333432674408,0.1666666716337204,0.6666666865348816,0
40,1.2181114355723064,0.3333333333333333,0.26333333750565846,0.3333333432674408,0.3333333432674408,0.3333333432674408,0.3333333432674408,0.6666666865348816,0.0_0.0_1.0,0.0_0.0_0.3333333432674408,0.0_0.0_1.0,0.0_0.0_0.5,1.0_1.0_0.0,0.3333333432674408,0.1111111119389534,0.3333333432674408,0.1666666716337204,0.6666666865348816,0.3333333432674408,0.111111119389534,0.3333333432674408,0.1666666716337204,0.6666666865348816,0
41,1.2181114355723064,0.3333333333333333,0.26222222646077475,0.3333333432674408,0.3333333432674408,0.3333333432674408,0.3333333432674408,0.6666666865348816,0.0_0.0_1.0,0.0_0.0_0.3333333432674408,0.0_0.0_1.0,0.0_0.0_0.5,1.0_1.0_0.0,0.3333333432674408,0.1111111119389534,0.3333333432674408,0.1666666716337204,0.6666666865348816,0.3333333432674408,0.111111119389534,0.3333333432674408,0.1666666716337204,0.6666666865348816,0
42,1.2181114355723064,0.3333333333333333,0.26333333750565846,0.3333333432674408,0.3333333432674408,0.3333333432674408,0.3333333432674408,0.6666666865348816,0.0_0.0_1.0,0.0_0.0_0.3333333432674408,0.0_0.0_1.0,0.0_0.0_0.5,1.0_1.0_0.0,0.3333333432674408,0.1111111119389534,0.3333333432674408,0.1666666716337204,0.6666666865348816,0.3333333432674408,0.111111119389534,0.3333333432674408,0.1666666716337204,0.6666666865348816,0
43,1.2181114355723064,0.3333333333333333,0.2644444485505422,0.3333333432674408,0.3333333432674408,0.3333333432674408,0.3333333432674408,0.6666666865348816,0.0_0.0_1.0,0.0_0.0_0.3333333432674408,0.0_0.0_1.0,0.0_0.0_0.5,1.0_1.0_0.0,0.3333333432674408,0.1111111119389534,0.3333333432674408,0.1666666716337204,0.6666666865348816,0.3333333432674408,0.111111119389534,0.3333333432674408,0.1666666716337204,0.6666666865348816,0
44,1.2181114355723064,0.3333333333333333,0.2677777816851934,0.3333333432674408,0.3333333432674408,0.3333333432674408,0.3333333432674408,0.6666666865348816,0.0_0.0_1.0,0.0_0.0_0.3333333432674408,0.0_0.0_1.0,0.0_0.0_0.5,1.0_1.0_0.0,0.3333333432674408,0.1111111119389534,0.3333333432674408,0.1666666716337204,0.6666666865348816,0.3333333432674408,0.111111119389534,0.3333333432674408,0.1666666716337204,0.6666666865348816,0
45,1.2181114355723064,0.3333333333333333,0.25555556019147235,0.3333333432674408,0.3333333432674408,0.3333333432674408,0.3333333432674408,0.6666666865348816,0.0_0.0_1.0,0.0_0.0_0.3333333432674408,0.0_0.0_1.0,0.0_0.0_0.5,1.0_1.0_0.0,0.3333333432674408,0.1111111119389534,0.3333333432674408,0.1666666716337204,0.6666666865348816,0.3333333432674408,0.111111119389534,0.3333333432674408,0.1666666716337204,0.6666666865348816,0
46,1.2181114355723064,0.3333333333333333,0.25555556019147235,0.3333333432674408,0.3333333432674408,0.3333333432674408,0.3333333432674408,0.6666666865348816,0.0_0.0_1.0,0.0_0.0_0.3333333432674408,0.0_0.0_1.0,0.0_0.0_0.5,1.0_1.0_0.0,0.3333333432674408,0.1111111119389534,0.3333333432674408,0.1666666716337204,0.6666666865348816,0.3333333432674408,0.111111119389534,0.3333333432674408,0.1666666716337204,0.6666666865348816,0
47,1.2181114355723064,0.3333333333333333,0.2677777816851934,0.3333333432674408,0.3333333432674408,0.3333333432674408,0.3333333432674408,0.6666666865348816,0.0_0.0_1.0,0.0_0.0_0.3333333432674408,0.0_0.0_1.0,0.0_0.0_0.5,1.0_1.0_0.0,0.3333333432674408,0.1111111119389534,0.3333333432674408,0.1666666716337204,0.6666666865348816,0.3333333432674408,0.111111119389534,0.3333333432674408,0.1666666716337204,0.6666666865348816,0
48,1.2181114355723064,0.3333333333333333,0.2644444485505422,0.3333333432674408,0.3333333432674408,0.3333333432674408,0.3333333432674408,0.6666666865348816,0.0_0.0_1.0,0.0_0.0_0.3333333432674408,0.0_0.0_1.0,0.0_0.0_0.5,1.0_1.0_0.0,0.3333333432674408,0.1111111119389534,0.3333333432674408,0.1666666716337204,0.6666666865348816,0.3333333432674408,0.111111119389534,0.3333333432674408,0.1666666716337204,0.6666666865348816,0
49,1.2181114355723064,0.3333333333333333,0.261111115415891,0.3333333432674408,0.3333333432674408,0.3333333432674408,0.3333333432674408,0.6666666865348816,0.0_0.0_1.0,0.0_0.0_0.3333333432674408,0.0_0.0_1.0,0.0_0.0_0.5,1.0_1.0_0.0,0.3333333432674408,0.1111111119389534,0.3333333432674408,0.1666666716337204,0.6666666865348816,0.3333333432674408,0.111111119389534,0.3333333432674408,0.1666666716337204,0.6666666865348816,0
50,1.2181114355723064,0.3333333333333333,0.2677777816851934,0.3333333432674408,0.3333333432674408,0.3333333432674408,0.3333333432674408,0.6666666865348816,0.0_0.0_1.0,0.0_0.0_0.3333333432674408,0.0_0.0_1.0,0.0_0.0_0.5,1.0_1.0_0.0,0.3333333432674408,0.1111111119389534,0.3333333432674408,0.1666666716337204,0.6666666865348816,0.3333333432674408,0.111111119389534,0.3333333432674408,0.1666666716337204,0.6666666865348816,0
51,1.2181114355723064,0.3333333333333333,0.2655555595954259,0.3333333432674408,0.3333333432674408,0.3333333432674408,0.3333333432674408,0.6666666865348816,0.0_0.0_1.0,0.0_0.0_0.3333333432674408,0.0_0.0_1.0,0.0_0.0_0.5,1.0_1.0_0.0,0.3333333432674408,0.1111111119389534,0.3333333432674408,0.1666666716337204,0.6666666865348816,0.3333333432674408,0.111111119389534,0.3333333432674408,0.1666666716337204,0.6666666865348816,0
52,1.218110700448354,0.3333333333333333,0.2588888933261236,0.3333333432674408,0.3333333432674408,0.3333333432674408,0.3333333432674408,0.6666666865348816,0.0_0.0_1.0,0.0_0.0_0.3333333432674408,0.0_0.0_1.0,0.0_0.0_0.5,1.0_1.0_0.0,0.3333333432674408,0.1111111119389534,0.3333333432674408,0.1666666716337204,0.6666666865348816,0.3333333432674408,0.111111119389534,0.3333333432674408,0.1666666716337204,0.6666666865348816,0
53,1.2181114355723064,0.3333333333333333,0.2600000043710073,0.3333333432674408,0.3333333432674408,0.3333333432674408,0.3333333432674408,0.6666666865348816,0.0_0.0_1.0,0.0_0.0_0.3333333432674408,0.0_0.0_1.0,0.0_0.0_0.5,1.0_1.0_0.0,0.3333333432674408,0.1111111119389534,0.3333333432674408,0.1666666716337204,0.6666666865348816,0.3333333432674408,0.111111119389534,0.3333333432674408,0.1666666716337204,0.6666666865348816,0
54,1.2181114355723064,0.3333333333333333,0.2566666712363561,0.3333333432674408,0.3333333432674408,0.3333333432674408,0.3333333432674408,0.6666666865348816,0.0_0.0_1.0,0.0_0.0_0.3333333432674408,0.0_0.0_1.0,0.0_0.0_0.5,1.0_1.0_0.0,0.3333333432674408,0.1111111119389534,0.3333333432674408,0.1666666716337204,0.6666666865348816,0.3333333432674408,0.111111119389534,0.3333333432674408,0.1666666716337204,0.6666666865348816,0
55,1.2181114355723064,0.3333333333333333,0.2655555595954259,0.3333333432674408,0.3333333432674408,0.3333333432674408,0.3333333432674408,0.6666666865348816,0.0_0.0_1.0,0.0_0.0_0.3333333432674408,0.0_0.0_1.0,0.0_0.0_0.5,1.0_1.0_0.0,0.3333333432674408,0.1111111119389534,0.3333333432674408,0.1666666716337204,0.6666666865348816,0.3333333432674408,0.111111119389534,0.3333333432674408,0.1666666716337204,0.6666666865348816,0
56,1.2181114355723064,0.3333333333333333,0.2566666712363561,0.3333333432674408,0.3333333432674408,0.3333333432674408,0.3333333432674408,0.6666666865348816,0.0_0.0_1.0,0.0_0.0_0.3333333432674408,0.0_0.0_1.0,0.0_0.0_0.5,1.0_1.0_0.0,0.3333333432674408,0.1111111119389534,0.3333333432674408,0.1666666716337204,0.6666666865348816,0.3333333432674408,0.111111119389534,0.3333333432674408,0.1666666716337204,0.6666666865348816,0
57,1.2181114355723064,0.3333333333333333,0.26333333750565846,0.3333333432674408,0.3333333432674408,0.3333333432674408,0.3333333432674408,0.6666666865348816,0.0_0.0_1.0,0.0_0.0_0.3333333432674408,0.0_0.0_1.0,0.0_0.0_0.5,1.0_1.0_0.0,0.3333333432674408,0.1111111119389534,0.3333333432674408,0.1666666716337204,0.6666666865348816,0.3333333432674408,0.111111119389534,0.3333333432674408,0.1666666716337204,0.6666666865348816,0
58,1.2181114355723064,0.3333333333333333,0.2566666712363561,0.3333333432674408,0.3333333432674408,0.3333333432674408,0.3333333432674408,0.6666666865348816,0.0_0.0_1.0,0.0_0.0_0.3333333432674408,0.0_0.0_1.0,0.0_0.0_0.5,1.0_1.0_0.0,0.3333333432674408,0.1111111119389534,0.3333333432674408,0.1666666716337204,0.6666666865348816,0.3333333432674408,0.111111119389534,0.3333333432674408,0.1666666716337204,0.6666666865348816,0
59,1.2181114355723064,0.3333333333333333,0.26333333750565846,0.3333333432674408,0.3333333432674408,0.3333333432674408,0.3333333432674408,0.6666666865348816,0.0_0.0_1.0,0.0_0.0_0.3333333432674408,0.0_0.0_1.0,0.0_0.0_0.5,1.0_1.0_0.0,0.3333333432674408,0.1111111119389534,0.3333333432674408,0.1666666716337204,0.6666666865348816,0.3333333432674408,0.111111119389534,0.3333333432674408,0.1666666716337204,0.6666666865348816,0
60,1.2181114355723064,0.3333333333333333,0.2655555595954259,0.3333333432674408,0.3333333432674408,0.3333333432674408,0.3333333432674408,0.6666666865348816,0.0_0.0_1.0,0.0_0.0_0.3333333432674408,0.0_0.0_1.0,0.0_0.0_0.5,1.0_1.0_0.0,0.3333333432674408,0.1111111119389534,0.3333333432674408,0.1666666716337204,0.6666666865348816,0.3333333432674408,0.111111119389534,0.3333333432674408,0.1666666716337204,0.6666666865348816,0
61,1.2181114355723064,0.3333333333333333,0.25333333810170494,0.3333333432674408,0.3333333432674408,0.3333333432674408,0.3333333432674408,0.6666666865348816,0.0_0.0_1.0,0.0_0.0_0.3333333432674408,0.0_0.0_1.0,0.0_0.0_0.5,1.0_1.0_0.0,0.3333333432674408,0.1111111119389534,0.3333333432674408,0.1666666716337204,0.6666666865348816,0.3333333432674408,0.111111119389534,0.3333333432674408,0.1666666716337204,0.6666666865348816,0
62,1.2181114355723064,0.3333333333333333,0.2644444485505422,0.3333333432674408,0.3333333432674408,0.3333333432674408,0.3333333432674408,0.6666666865348816,0.0_0.0_1.0,0.0_0.0_0.3333333432674408,0.0_0.0_1.0,0.0_0.0_0.5,1.0_1.0_0.0,0.3333333432674408,0.1111111119389534,0.3333333432674408,0.1666666716337204,0.6666666865348816,0.3333333432674408,0.111111119389534,0.3333333432674408,0.1666666716337204,0.6666666865348816,0
63,1.2181114355723064,0.3333333333333333,0.26333333750565846,0.3333333432674408,0.3333333432674408,0.3333333432674408,0.3333333432674408,0.6666666865348816,0.0_0.0_1.0,0.0_0.0_0.3333333432674408,0.0_0.0_1.0,0.0_0.0_0.5,1.0_1.0_0.0,0.3333333432674408,0.1111111119389534,0.3333333432674408,0.1666666716337204,0.6666666865348816,0.3333333432674408,0.111111119389534,0.3333333432674408,0.1666666716337204,0.6666666865348816,0
64,1.2181114355723064,0.3333333333333333,0.261111115415891,0.3333333432674408,0.3333333432674408,0.3333333432674408,0.3333333432674408,0.6666666865348816,0.0_0.0_1.0,0.0_0.0_0.3333333432674408,0.0_0.0_1.0,0.0_0.0_0.5,1.0_1.0_0.0,0.3333333432674408,0.1111111119389534,0.3333333432674408,0.1666666716337204,0.6666666865348816,0.3333333432674408,0.111111119389534,0.3333333432674408,0.1666666716337204,0.6666666865348816,0
65,1.2181114355723064,0.3333333333333333,0.27000000377496086,0.3333333432674408,0.3333333432674408,0.3333333432674408,0.3333333432674408,0.6666666865348816,0.0_0.0_1.0,0.0_0.0_0.3333333432674408,0.0_0.0_1.0,0.0_0.0_0.5,1.0_1.0_0.0,0.3333333432674408,0.1111111119389534,0.3333333432674408,0.1666666716337204,0.6666666865348816,0.3333333432674408,0.111111119389534,0.3333333432674408,0.1666666716337204,0.6666666865348816,0
66,1.2181114355723064,0.3333333333333333,0.26222222646077475,0.3333333432674408,0.3333333432674408,0.3333333432674408,0.3333333432674408,0.6666666865348816,0.0_0.0_1.0,0.0_0.0_0.3333333432674408,0.0_0.0_1.0,0.0_0.0_0.5,1.0_1.0_0.0,0.3333333432674408,0.1111111119389534,0.3333333432674408,0.1666666716337204,0.6666666865348816,0.3333333432674408,0.111111119389534,0.3333333432674408,0.1666666716337204,0.6666666865348816,0
67,1.2181114355723064,0.3333333333333333,0.26222222646077475,0.3333333432674408,0.3333333432674408,0.3333333432674408,0.3333333432674408,0.6666666865348816,0.0_0.0_1.0,0.0_0.0_0.3333333432674408,0.0_0.0_1.0,0.0_0.0_0.5,1.0_1.0_0.0,0.3333333432674408,0.1111111119389534,0.3333333432674408,0.1666666716337204,0.6666666865348816,0.3333333432674408,0.111111119389534,0.3333333432674408,0.1666666716337204,0.6666666865348816,0
68,1.2181114355723064,0.3333333333333333,0.2677777816851934,0.3333333432674408,0.3333333432674408,0.3333333432674408,0.3333333432674408,0.6666666865348816,0.0_0.0_1.0,0.0_0.0_0.3333333432674408,0.0_0.0_1.0,0.0_0.0_0.5,1.0_1.0_0.0,0.3333333432674408,0.1111111119389534,0.3333333432674408,0.1666666716337204,0.6666666865348816,0.3333333432674408,0.111111119389534,0.3333333432674408,0.1666666716337204,0.6666666865348816,0
69,1.2181114355723064,0.3333333333333333,0.26222222646077475,0.3333333432674408,0.3333333432674408,0.3333333432674408,0.3333333432674408,0.6666666865348816,0.0_0.0_1.0,0.0_0.0_0.3333333432674408,0.0_0.0_1.0,0.0_0.0_0.5,1.0_1.0_0.0,0.3333333432674408,0.1111111119389534,0.3333333432674408,0.1666666716337204,0.6666666865348816,0.3333333432674408,0.111111119389534,0.3333333432674408,0.1666666716337204,0.6666666865348816,0
70,1.2181114355723064,0.3333333333333333,0.261111115415891,0.3333333432674408,0.3333333432674408,0.3333333432674408,0.3333333432674408,0.6666666865348816,0.0_0.0_1.0,0.0_0.0_0.3333333432674408,0.0_0.0_1.0,0.0_0.0_0.5,1.0_1.0_0.0,0.3333333432674408,0.1111111119389534,0.3333333432674408,0.1666666716337204,0.6666666865348816,0.3333333432674408,0.111111119389534,0.3333333432674408,0.1666666716337204,0.6666666865348816,0
71,1.2181114355723064,0.3333333333333333,0.261111115415891,0.3333333432674408,0.3333333432674408,0.3333333432674408,0.3333333432674408,0.6666666865348816,0.0_0.0_1.0,0.0_0.0_0.3333333432674408,0.0_0.0_1.0,0.0_0.0_0.5,1.0_1.0_0.0,0.3333333432674408,0.1111111119389534,0.3333333432674408,0.1666666716337204,0.6666666865348816,0.3333333432674408,0.111111119389534,0.3333333432674408,0.1666666716337204,0.6666666865348816,0
72,1.2180932307243346,0.3333333333333333,0.2566666712363561,0.3333333432674408,0.3333333432674408,0.3333333432674408,0.3333333432674408,0.6666666865348816,0.0_0.0_1.0,0.0_0.0_0.33388981223106384,0.0_0.0_1.0,0.0_0.0_0.5006257891654968,0.9975000023841858_1.0_0.0024999999441206455,0.3333333432674408,0.11129660159349442,0.3333333432674408,0.16687525808811188,0.6666666865348816,0.3333333432674408,0.11129660159349442,0.3333333432674408,0.16687527298927307,0.6666666865348816,0.0
73,1.2181114355723064,0.3333333333333333,0.2511111160119375,0.3333333432674408,0.3333333432674408,0.3333333432674408,0.3333333432674408,0.6666666865348816,0.0_0.0_1.0,0.0_0.0_0.3333333432674408,0.0_0.0_1.0,0.0_0.0_0.5,1.0_1.0_0.0,0.3333333432674408,0.1111111119389534,0.3333333432674408,0.1666666716337204,0.6666666865348816,0.3333333432674408,0.111111119389534,0.3333333432674408,0.1666666716337204,0.6666666865348816,0
74,1.2181114355723064,0.3333333333333333,0.25333333810170494,0.3333333432674408,0.3333333432674408,0.3333333432674408,0.3333333432674408,0.6666666865348816,0.0_0.0_1.0,0.0_0.0_0.3333333432674408,0.0_0.0_1.0,0.0_0.0_0.5,1.0_1.0_0.0,0.3333333432674408,0.1111111119389534,0.3333333432674408,0.1666666716337204,0.6666666865348816,0.3333333432674408,0.111111119389534,0.3333333432674408,0.1666666716337204,0.6666666865348816,0
75,1.2181114355723064,0.3333333333333333,0.2600000043710073,0.3333333432674408,0.3333333432674408,0.3333333432674408,0.3333333432674408,0.6666666865348816,0.0_0.0_1.0,0.0_0.0_0.3333333432674408,0.0_0.0_1.0,0.0_0.0_0.5,1.0_1.0_0.0,0.3333333432674408,0.1111111119389534,0.3333333432674408,0.1666666716337204,0.6666666865348816,0.3333333432674408,0.111111119389534,0.3333333432674408,0.1666666716337204,0.6666666865348816,0
76,1.2181114355723064,0.3333333333333333,0.2600000043710073,0.3333333432674408,0.3333333432674408,0.3333333432674408,0.3333333432674408,0.6666666865348816,0.0_0.0_1.0,0.0_0.0_0.3333333432674408,0.0_0.0_1.0,0.0_0.0_0.5,1.0_1.0_0.0,0.3333333432674408,0.1111111119389534,0.3333333432674408,0.1666666716337204,0.6666666865348816,0.3333333432674408,0.111111119389534,0.3333333432674408,0.1666666716337204,0.6666666865348816,0
77,1.2181114355723064,0.3333333333333333,0.26222222646077475,0.3333333432674408,0.3333333432674408,0.3333333432674408,0.3333333432674408,0.6666666865348816,0.0_0.0_1.0,0.0_0.0_0.3333333432674408,0.0_0.0_1.0,0.0_0.0_0.5,1.0_1.0_0.0,0.3333333432674408,0.1111111119389534,0.3333333432674408,0.1666666716337204,0.6666666865348816,0.3333333432674408,0.111111119389534,0.3333333432674408,0.1666666716337204,0.6666666865348816,0
78,1.2181114355723064,0.3333333333333333,0.2577777822812398,0.3333333432674408,0.3333333432674408,0.3333333432674408,0.3333333432674408,0.6666666865348816,0.0_0.0_1.0,0.0_0.0_0.3333333432674408,0.0_0.0_1.0,0.0_0.0_0.5,1.0_1.0_0.0,0.3333333432674408,0.1111111119389534,0.3333333432674408,0.1666666716337204,0.6666666865348816,0.3333333432674408,0.111111119389534,0.3333333432674408,0.1666666716337204,0.6666666865348816,0
79,1.2181114355723064,0.3333333333333333,0.25333333810170494,0.3333333432674408,0.3333333432674408,0.3333333432674408,0.3333333432674408,0.6666666865348816,0.0_0.0_1.0,0.0_0.0_0.3333333432674408,0.0_0.0_1.0,0.0_0.0_0.5,1.0_1.0_0.0,0.3333333432674408,0.1111111119389534,0.3333333432674408,0.1666666716337204,0.6666666865348816,0.3333333432674408,0.111111119389534,0.3333333432674408,0.1666666716337204,0.6666666865348816,0
80,1.2181114355723064,0.3333333333333333,0.27000000377496086,0.3333333432674408,0.3333333432674408,0.3333333432674408,0.3333333432674408,0.6666666865348816,0.0_0.0_1.0,0.0_0.0_0.3333333432674408,0.0_0.0_1.0,0.0_0.0_0.5,1.0_1.0_0.0,0.3333333432674408,0.1111111119389534,0.3333333432674408,0.1666666716337204,0.6666666865348816,0.3333333432674408,0.111111119389534,0.3333333432674408,0.1666666716337204,0.6666666865348816,0
81,1.2181114355723064,0.3333333333333333,0.2566666712363561,0.3333333432674408,0.3333333432674408,0.3333333432674408,0.3333333432674408,0.6666666865348816,0.0_0.0_1.0,0.0_0.0_0.3333333432674408,0.0_0.0_1.0,0.0_0.0_0.5,1.0_1.0_0.0,0.3333333432674408,0.1111111119389534,0.3333333432674408,0.1666666716337204,0.6666666865348816,0.3333333432674408,0.111111119389534,0.3333333432674408,0.1666666716337204,0.6666666865348816,0
82,1.2181114355723064,0.3333333333333333,0.2655555595954259,0.3333333432674408,0.3333333432674408,0.3333333432674408,0.3333333432674408,0.6666666865348816,0.0_0.0_1.0,0.0_0.0_0.3333333432674408,0.0_0.0_1.0,0.0_0.0_0.5,1.0_1.0_0.0,0.3333333432674408,0.1111111119389534,0.3333333432674408,0.1666666716337204,0.6666666865348816,0.3333333432674408,0.111111119389534,0.3333333432674408,0.1666666716337204,0.6666666865348816,0
83,1.2181114355723064,0.3333333333333333,0.2600000043710073,0.3333333432674408,0.3333333432674408,0.3333333432674408,0.3333333432674408,0.6666666865348816,0.0_0.0_1.0,0.0_0.0_0.3333333432674408,0.0_0.0_1.0,0.0_0.0_0.5,1.0_1.0_0.0,0.3333333432674408,0.1111111119389534,0.3333333432674408,0.1666666716337204,0.6666666865348816,0.3333333432674408,0.111111119389534,0.3333333432674408,0.1666666716337204,0.6666666865348816,0
84,1.2181114355723064,0.3333333333333333,0.2511111160119375,0.3333333432674408,0.3333333432674408,0.3333333432674408,0.3333333432674408,0.6666666865348816,0.0_0.0_1.0,0.0_0.0_0.3333333432674408,0.0_0.0_1.0,0.0_0.0_0.5,1.0_1.0_0.0,0.3333333432674408,0.1111111119389534,0.3333333432674408,0.1666666716337204,0.6666666865348816,0.3333333432674408,0.111111119389534,0.3333333432674408,0.1666666716337204,0.6666666865348816,0
85,1.2181114355723064,0.3333333333333333,0.26222222646077475,0.3333333432674408,0.3333333432674408,0.3333333432674408,0.3333333432674408,0.6666666865348816,0.0_0.0_1.0,0.0_0.0_0.3333333432674408,0.0_0.0_1.0,0.0_0.0_0.5,1.0_1.0_0.0,0.3333333432674408,0.1111111119389534,0.3333333432674408,0.1666666716337204,0.6666666865348816,0.3333333432674408,0.111111119389534,0.3333333432674408,0.1666666716337204,0.6666666865348816,0
86,1.2181114355723064,0.3333333333333333,0.2588888933261236,0.3333333432674408,0.3333333432674408,0.3333333432674408,0.3333333432674408,0.6666666865348816,0.0_0.0_1.0,0.0_0.0_0.3333333432674408,0.0_0.0_1.0,0.0_0.0_0.5,1.0_1.0_0.0,0.3333333432674408,0.1111111119389534,0.3333333432674408,0.1666666716337204,0.6666666865348816,0.3333333432674408,0.111111119389534,0.3333333432674408,0.1666666716337204,0.6666666865348816,0
87,1.2181114355723064,0.3333333333333333,0.2588888933261236,0.3333333432674408,0.3333333432674408,0.3333333432674408,0.3333333432674408,0.6666666865348816,0.0_0.0_1.0,0.0_0.0_0.3333333432674408,0.0_0.0_1.0,0.0_0.0_0.5,1.0_1.0_0.0,0.3333333432674408,0.1111111119389534,0.3333333432674408,0.1666666716337204,0.6666666865348816,0.3333333432674408,0.111111119389534,0.3333333432674408,0.1666666716337204,0.6666666865348816,0
88,1.2181114355723064,0.3333333333333333,0.2644444485505422,0.3333333432674408,0.3333333432674408,0.3333333432674408,0.3333333432674408,0.6666666865348816,0.0_0.0_1.0,0.0_0.0_0.3333333432674408,0.0_0.0_1.0,0.0_0.0_0.5,1.0_1.0_0.0,0.3333333432674408,0.1111111119389534,0.3333333432674408,0.1666666716337204,0.6666666865348816,0.3333333432674408,0.111111119389534,0.3333333432674408,0.1666666716337204,0.6666666865348816,0
89,1.2181114355723064,0.3333333333333333,0.2644444485505422,0.3333333432674408,0.3333333432674408,0.3333333432674408,0.3333333432674408,0.6666666865348816,0.0_0.0_1.0,0.0_0.0_0.3333333432674408,0.0_0.0_1.0,0.0_0.0_0.5,1.0_1.0_0.0,0.3333333432674408,0.1111111119389534,0.3333333432674408,0.1666666716337204,0.6666666865348816,0.3333333432674408,0.111111119389534,0.3333333432674408,0.1666666716337204,0.6666666865348816,0
90,1.2181114355723064,0.3333333333333333,0.2677777816851934,0.3333333432674408,0.3333333432674408,0.3333333432674408,0.3333333432674408,0.6666666865348816,0.0_0.0_1.0,0.0_0.0_0.3333333432674408,0.0_0.0_1.0,0.0_0.0_0.5,1.0_1.0_0.0,0.3333333432674408,0.1111111119389534,0.3333333432674408,0.1666666716337204,0.6666666865348816,0.3333333432674408,0.111111119389534,0.3333333432674408,0.1666666716337204,0.6666666865348816,0
91,1.2181114355723064,0.3333333333333333,0.26333333750565846,0.3333333432674408,0.3333333432674408,0.3333333432674408,0.3333333432674408,0.6666666865348816,0.0_0.0_1.0,0.0_0.0_0.3333333432674408,0.0_0.0_1.0,0.0_0.0_0.5,1.0_1.0_0.0,0.3333333432674408,0.1111111119389534,0.3333333432674408,0.1666666716337204,0.6666666865348816,0.3333333432674408,0.111111119389534,0.3333333432674408,0.1666666716337204,0.6666666865348816,0
92,1.2181114355723064,0.3333333333333333,0.2688888927300771,0.3333333432674408,0.3333333432674408,0.3333333432674408,0.3333333432674408,0.6666666865348816,0.0_0.0_1.0,0.0_0.0_0.3333333432674408,0.0_0.0_1.0,0.0_0.0_0.5,1.0_1.0_0.0,0.3333333432674408,0.1111111119389534,0.3333333432674408,0.1666666716337204,0.6666666865348816,0.3333333432674408,0.111111119389534,0.3333333432674408,0.1666666716337204,0.6666666865348816,0
93,1.2181114355723064,0.3333333333333333,0.2511111160119375,0.3333333432674408,0.3333333432674408,0.3333333432674408,0.3333333432674408,0.6666666865348816,0.0_0.0_1.0,0.0_0.0_0.3333333432674408,0.0_0.0_1.0,0.0_0.0_0.5,1.0_1.0_0.0,0.3333333432674408,0.1111111119389534,0.3333333432674408,0.1666666716337204,0.6666666865348816,0.3333333432674408,0.111111119389534,0.3333333432674408,0.1666666716337204,0.6666666865348816,0
94,1.2181114355723064,0.3333333333333333,0.26333333750565846,0.3333333432674408,0.3333333432674408,0.3333333432674408,0.3333333432674408,0.6666666865348816,0.0_0.0_1.0,0.0_0.0_0.3333333432674408,0.0_0.0_1.0,0.0_0.0_0.5,1.0_1.0_0.0,0.3333333432674408,0.1111111119389534,0.3333333432674408,0.1666666716337204,0.6666666865348816,0.3333333432674408,0.111111119389534,0.3333333432674408,0.1666666716337204,0.6666666865348816,0
95,1.2181114355723064,0.3333333333333333,0.26222222646077475,0.3333333432674408,0.3333333432674408,0.3333333432674408,0.3333333432674408,0.6666666865348816,0.0_0.0_1.0,0.0_0.0_0.3333333432674408,0.0_0.0_1.0,0.0_0.0_0.5,1.0_1.0_0.0,0.3333333432674408,0.1111111119389534,0.3333333432674408,0.1666666716337204,0.6666666865348816,0.3333333432674408,0.111111119389534,0.3333333432674408,0.1666666716337204,0.6666666865348816,0
96,1.2181114355723064,0.3333333333333333,0.2644444485505422,0.3333333432674408,0.3333333432674408,0.3333333432674408,0.3333333432674408,0.6666666865348816,0.0_0.0_1.0,0.0_0.0_0.3333333432674408,0.0_0.0_1.0,0.0_0.0_0.5,1.0_1.0_0.0,0.3333333432674408,0.1111111119389534,0.3333333432674408,0.1666666716337204,0.6666666865348816,0.3333333432674408,0.111111119389534,0.3333333432674408,0.1666666716337204,0.6666666865348816,0
97,1.2181114355723064,0.3333333333333333,0.25333333810170494,0.3333333432674408,0.3333333432674408,0.3333333432674408,0.3333333432674408,0.6666666865348816,0.0_0.0_1.0,0.0_0.0_0.3333333432674408,0.0_0.0_1.0,0.0_0.0_0.5,1.0_1.0_0.0,0.3333333432674408,0.1111111119389534,0.3333333432674408,0.1666666716337204,0.6666666865348816,0.3333333432674408,0.111111119389534,0.3333333432674408,0.1666666716337204,0.6666666865348816,0
98,1.2181114355723064,0.3333333333333333,0.26333333750565846,0.3333333432674408,0.3333333432674408,0.3333333432674408,0.3333333432674408,0.6666666865348816,0.0_0.0_1.0,0.0_0.0_0.3333333432674408,0.0_0.0_1.0,0.0_0.0_0.5,1.0_1.0_0.0,0.3333333432674408,0.1111111119389534,0.3333333432674408,0.1666666716337204,0.6666666865348816,0.3333333432674408,0.111111119389534,0.3333333432674408,0.1666666716337204,0.6666666865348816,0
99,1.2181114355723064,0.3333333333333333,0.2588888933261236,0.3333333432674408,0.3333333432674408,0.3333333432674408,0.3333333432674408,0.6666666865348816,0.0_0.0_1.0,0.0_0.0_0.3333333432674408,0.0_0.0_1.0,0.0_0.0_0.5,1.0_1.0_0.0,0.3333333432674408,0.1111111119389534,0.3333333432674408,0.1666666716337204,0.6666666865348816,0.3333333432674408,0.111111119389534,0.3333333432674408,0.1666666716337204,0.6666666865348816,0
100,1.2181114355723064,0.3333333333333333,0.2600000043710073,0.3333333432674408,0.3333333432674408,0.3333333432674408,0.3333333432674408,0.6666666865348816,0.0_0.0_1.0,0.0_0.0_0.3333333432674408,0.0_0.0_1.0,0.0_0.0_0.5,1.0_1.0_0.0,0.3333333432674408,0.1111111119389534,0.3333333432674408,0.1666666716337204,0.6666666865348816,0.3333333432674408,0.111111119389534,0.3333333432674408,0.1666666716337204,0.6666666865348816,0
101,1.2181114355723064,0.3333333333333333,0.2577777822812398,0.3333333432674408,0.3333333432674408,0.3333333432674408,0.3333333432674408,0.6666666865348816,0.0_0.0_1.0,0.0_0.0_0.3333333432674408,0.0_0.0_1.0,0.0_0.0_0.5,1.0_1.0_0.0,0.3333333432674408,0.1111111119389534,0.3333333432674408,0.1666666716337204,0.6666666865348816,0.3333333432674408,0.111111119389534,0.3333333432674408,0.1666666716337204,0.6666666865348816,0
102,1.2181114355723064,0.3333333333333333,0.25333333810170494,0.3333333432674408,0.3333333432674408,0.3333333432674408,0.3333333432674408,0.6666666865348816,0.0_0.0_1.0,0.0_0.0_0.3333333432674408,0.0_0.0_1.0,0.0_0.0_0.5,1.0_1.0_0.0,0.3333333432674408,0.1111111119389534,0.3333333432674408,0.1666666716337204,0.6666666865348816,0.3333333432674408,0.111111119389534,0.3333333432674408,0.1666666716337204,0.6666666865348816,0
103,1.2181114355723064,0.3333333333333333,0.2588888933261236,0.3333333432674408,0.3333333432674408,0.3333333432674408,0.3333333432674408,0.6666666865348816,0.0_0.0_1.0,0.0_0.0_0.3333333432674408,0.0_0.0_1.0,0.0_0.0_0.5,1.0_1.0_0.0,0.3333333432674408,0.1111111119389534,0.3333333432674408,0.1666666716337204,0.6666666865348816,0.3333333432674408,0.111111119389534,0.3333333432674408,0.1666666716337204,0.6666666865348816,0
104,1.2181114355723064,0.3333333333333333,0.2588888933261236,0.3333333432674408,0.3333333432674408,0.3333333432674408,0.3333333432674408,0.6666666865348816,0.0_0.0_1.0,0.0_0.0_0.3333333432674408,0.0_0.0_1.0,0.0_0.0_0.5,1.0_1.0_0.0,0.3333333432674408,0.1111111119389534,0.3333333432674408,0.1666666716337204,0.6666666865348816,0.3333333432674408,0.111111119389534,0.3333333432674408,0.1666666716337204,0.6666666865348816,0
105,1.2181114355723064,0.3333333333333333,0.26333333750565846,0.3333333432674408,0.3333333432674408,0.3333333432674408,0.3333333432674408,0.6666666865348816,0.0_0.0_1.0,0.0_0.0_0.3333333432674408,0.0_0.0_1.0,0.0_0.0_0.5,1.0_1.0_0.0,0.3333333432674408,0.1111111119389534,0.3333333432674408,0.1666666716337204,0.6666666865348816,0.3333333432674408,0.111111119389534,0.3333333432674408,0.1666666716337204,0.6666666865348816,0
106,1.2181114355723064,0.3333333333333333,0.261111115415891,0.3333333432674408,0.3333333432674408,0.3333333432674408,0.3333333432674408,0.6666666865348816,0.0_0.0_1.0,0.0_0.0_0.3333333432674408,0.0_0.0_1.0,0.0_0.0_0.5,1.0_1.0_0.0,0.3333333432674408,0.1111111119389534,0.3333333432674408,0.1666666716337204,0.6666666865348816,0.3333333432674408,0.111111119389534,0.3333333432674408,0.1666666716337204,0.6666666865348816,0
107,1.2181114355723064,0.3333333333333333,0.2644444485505422,0.3333333432674408,0.3333333432674408,0.3333333432674408,0.3333333432674408,0.6666666865348816,0.0_0.0_1.0,0.0_0.0_0.3333333432674408,0.0_0.0_1.0,0.0_0.0_0.5,1.0_1.0_0.0,0.3333333432674408,0.1111111119389534,0.3333333432674408,0.1666666716337204,0.6666666865348816,0.3333333432674408,0.111111119389534,0.3333333432674408,0.1666666716337204,0.6666666865348816,0
108,1.2181114355723064,0.3333333333333333,0.26222222646077475,0.3333333432674408,0.3333333432674408,0.3333333432674408,0.3333333432674408,0.6666666865348816,0.0_0.0_1.0,0.0_0.0_0.3333333432674408,0.0_0.0_1.0,0.0_0.0_0.5,1.0_1.0_0.0,0.3333333432674408,0.1111111119389534,0.3333333432674408,0.1666666716337204,0.6666666865348816,0.3333333432674408,0.111111119389534,0.3333333432674408,0.1666666716337204,0.6666666865348816,0
109,1.2181114355723064,0.3333333333333333,0.26222222646077475,0.3333333432674408,0.3333333432674408,0.3333333432674408,0.3333333432674408,0.6666666865348816,0.0_0.0_1.0,0.0_0.0_0.3333333432674408,0.0_0.0_1.0,0.0_0.0_0.5,1.0_1.0_0.0,0.3333333432674408,0.1111111119389534,0.3333333432674408,0.1666666716337204,0.6666666865348816,0.3333333432674408,0.111111119389534,0.3333333432674408,0.1666666716337204,0.6666666865348816,0
110,1.2181114355723064,0.3333333333333333,0.261111115415891,0.3333333432674408,0.3333333432674408,0.3333333432674408,0.3333333432674408,0.6666666865348816,0.0_0.0_1.0,0.0_0.0_0.3333333432674408,0.0_0.0_1.0,0.0_0.0_0.5,1.0_1.0_0.0,0.3333333432674408,0.1111111119389534,0.3333333432674408,0.1666666716337204,0.6666666865348816,0.3333333432674408,0.111111119389534,0.3333333432674408,0.1666666716337204,0.6666666865348816,0
111,1.2181114355723064,0.3333333333333333,0.26222222646077475,0.3333333432674408,0.3333333432674408,0.3333333432674408,0.3333333432674408,0.6666666865348816,0.0_0.0_1.0,0.0_0.0_0.3333333432674408,0.0_0.0_1.0,0.0_0.0_0.5,1.0_1.0_0.0,0.3333333432674408,0.1111111119389534,0.3333333432674408,0.1666666716337204,0.6666666865348816,0.3333333432674408,0.111111119389534,0.3333333432674408,0.1666666716337204,0.6666666865348816,0
112,1.2181114355723064,0.3333333333333333,0.2600000043710073,0.3333333432674408,0.3333333432674408,0.3333333432674408,0.3333333432674408,0.6666666865348816,0.0_0.0_1.0,0.0_0.0_0.3333333432674408,0.0_0.0_1.0,0.0_0.0_0.5,1.0_1.0_0.0,0.3333333432674408,0.1111111119389534,0.3333333432674408,0.1666666716337204,0.6666666865348816,0.3333333432674408,0.111111119389534,0.3333333432674408,0.1666666716337204,0.6666666865348816,0
113,1.2181114355723064,0.3333333333333333,0.2577777822812398,0.3333333432674408,0.3333333432674408,0.3333333432674408,0.3333333432674408,0.6666666865348816,0.0_0.0_1.0,0.0_0.0_0.3333333432674408,0.0_0.0_1.0,0.0_0.0_0.5,1.0_1.0_0.0,0.3333333432674408,0.1111111119389534,0.3333333432674408,0.1666666716337204,0.6666666865348816,0.3333333432674408,0.111111119389534,0.3333333432674408,0.1666666716337204,0.6666666865348816,0
114,1.2181114355723064,0.3333333333333333,0.26222222646077475,0.3333333432674408,0.3333333432674408,0.3333333432674408,0.3333333432674408,0.6666666865348816,0.0_0.0_1.0,0.0_0.0_0.3333333432674408,0.0_0.0_1.0,0.0_0.0_0.5,1.0_1.0_0.0,0.3333333432674408,0.1111111119389534,0.3333333432674408,0.1666666716337204,0.6666666865348816,0.3333333432674408,0.111111119389534,0.3333333432674408,0.1666666716337204,0.6666666865348816,0
115,1.2181114355723064,0.3333333333333333,0.2577777822812398,0.3333333432674408,0.3333333432674408,0.3333333432674408,0.3333333432674408,0.6666666865348816,0.0_0.0_1.0,0.0_0.0_0.3333333432674408,0.0_0.0_1.0,0.0_0.0_0.5,1.0_1.0_0.0,0.3333333432674408,0.1111111119389534,0.3333333432674408,0.1666666716337204,0.6666666865348816,0.3333333432674408,0.111111119389534,0.3333333432674408,0.1666666716337204,0.6666666865348816,0
116,1.2181114355723064,0.3333333333333333,0.261111115415891,0.3333333432674408,0.3333333432674408,0.3333333432674408,0.3333333432674408,0.6666666865348816,0.0_0.0_1.0,0.0_0.0_0.3333333432674408,0.0_0.0_1.0,0.0_0.0_0.5,1.0_1.0_0.0,0.3333333432674408,0.1111111119389534,0.3333333432674408,0.1666666716337204,0.6666666865348816,0.3333333432674408,0.111111119389534,0.3333333432674408,0.1666666716337204,0.6666666865348816,0
117,1.2181114355723064,0.3333333333333333,0.2455555607875188,0.3333333432674408,0.3333333432674408,0.3333333432674408,0.3333333432674408,0.6666666865348816,0.0_0.0_1.0,0.0_0.0_0.3333333432674408,0.0_0.0_1.0,0.0_0.0_0.5,1.0_1.0_0.0,0.3333333432674408,0.1111111119389534,0.3333333432674408,0.1666666716337204,0.6666666865348816,0.3333333432674408,0.111111119389534,0.3333333432674408,0.1666666716337204,0.6666666865348816,0
118,1.2181114355723064,0.3333333333333333,0.2577777822812398,0.3333333432674408,0.3333333432674408,0.3333333432674408,0.3333333432674408,0.6666666865348816,0.0_0.0_1.0,0.0_0.0_0.3333333432674408,0.0_0.0_1.0,0.0_0.0_0.5,1.0_1.0_0.0,0.3333333432674408,0.1111111119389534,0.3333333432674408,0.1666666716337204,0.6666666865348816,0.3333333432674408,0.111111119389534,0.3333333432674408,0.1666666716337204,0.6666666865348816,0
119,1.2181114355723064,0.3333333333333333,0.26333333750565846,0.3333333432674408,0.3333333432674408,0.3333333432674408,0.3333333432674408,0.6666666865348816,0.0_0.0_1.0,0.0_0.0_0.3333333432674408,0.0_0.0_1.0,0.0_0.0_0.5,1.0_1.0_0.0,0.3333333432674408,0.1111111119389534,0.3333333432674408,0.1666666716337204,0.6666666865348816,0.3333333432674408,0.111111119389534,0.3333333432674408,0.1666666716337204,0.6666666865348816,0
120,1.2181114355723064,0.3333333333333333,0.25333333810170494,0.3333333432674408,0.3333333432674408,0.3333333432674408,0.3333333432674408,0.6666666865348816,0.0_0.0_1.0,0.0_0.0_0.3333333432674408,0.0_0.0_1.0,0.0_0.0_0.5,1.0_1.0_0.0,0.3333333432674408,0.1111111119389534,0.3333333432674408,0.1666666716337204,0.6666666865348816,0.3333333432674408,0.111111119389534,0.3333333432674408,0.1666666716337204,0.6666666865348816,0
121,1.2181114355723064,0.3333333333333333,0.2600000043710073,0.3333333432674408,0.3333333432674408,0.3333333432674408,0.3333333432674408,0.6666666865348816,0.0_0.0_1.0,0.0_0.0_0.3333333432674408,0.0_0.0_1.0,0.0_0.0_0.5,1.0_1.0_0.0,0.3333333432674408,0.1111111119389534,0.3333333432674408,0.1666666716337204,0.6666666865348816,0.3333333432674408,0.111111119389534,0.3333333432674408,0.1666666716337204,0.6666666865348816,0
122,1.2181114355723064,0.3333333333333333,0.26222222646077475,0.3333333432674408,0.3333333432674408,0.3333333432674408,0.3333333432674408,0.6666666865348816,0.0_0.0_1.0,0.0_0.0_0.3333333432674408,0.0_0.0_1.0,0.0_0.0_0.5,1.0_1.0_0.0,0.3333333432674408,0.1111111119389534,0.3333333432674408,0.1666666716337204,0.6666666865348816,0.3333333432674408,0.111111119389534,0.3333333432674408,0.1666666716337204,0.6666666865348816,0
123,1.2181114355723064,0.3333333333333333,0.2655555595954259,0.3333333432674408,0.3333333432674408,0.3333333432674408,0.3333333432674408,0.6666666865348816,0.0_0.0_1.0,0.0_0.0_0.3333333432674408,0.0_0.0_1.0,0.0_0.0_0.5,1.0_1.0_0.0,0.3333333432674408,0.1111111119389534,0.3333333432674408,0.1666666716337204,0.6666666865348816,0.3333333432674408,0.111111119389534,0.3333333432674408,0.1666666716337204,0.6666666865348816,0
124,1.2181114355723064,0.3333333333333333,0.2677777816851934,0.3333333432674408,0.3333333432674408,0.3333333432674408,0.3333333432674408,0.6666666865348816,0.0_0.0_1.0,0.0_0.0_0.3333333432674408,0.0_0.0_1.0,0.0_0.0_0.5,1.0_1.0_0.0,0.3333333432674408,0.1111111119389534,0.3333333432674408,0.1666666716337204,0.6666666865348816,0.3333333432674408,0.111111119389534,0.3333333432674408,0.1666666716337204,0.6666666865348816,0
125,1.2181114355723064,0.3333333333333333,0.2644444485505422,0.3333333432674408,0.3333333432674408,0.3333333432674408,0.3333333432674408,0.6666666865348816,0.0_0.0_1.0,0.0_0.0_0.3333333432674408,0.0_0.0_1.0,0.0_0.0_0.5,1.0_1.0_0.0,0.3333333432674408,0.1111111119389534,0.3333333432674408,0.1666666716337204,0.6666666865348816,0.3333333432674408,0.111111119389534,0.3333333432674408,0.1666666716337204,0.6666666865348816,0
126,1.2181114355723064,0.3333333333333333,0.26333333750565846,0.3333333432674408,0.3333333432674408,0.3333333432674408,0.3333333432674408,0.6666666865348816,0.0_0.0_1.0,0.0_0.0_0.3333333432674408,0.0_0.0_1.0,0.0_0.0_0.5,1.0_1.0_0.0,0.3333333432674408,0.1111111119389534,0.3333333432674408,0.1666666716337204,0.6666666865348816,0.3333333432674408,0.111111119389534,0.3333333432674408,0.1666666716337204,0.6666666865348816,0
127,1.2181114355723064,0.3333333333333333,0.2566666712363561,0.3333333432674408,0.3333333432674408,0.3333333432674408,0.3333333432674408,0.6666666865348816,0.0_0.0_1.0,0.0_0.0_0.3333333432674408,0.0_0.0_1.0,0.0_0.0_0.5,1.0_1.0_0.0,0.3333333432674408,0.1111111119389534,0.3333333432674408,0.1666666716337204,0.6666666865348816,0.3333333432674408,0.111111119389534,0.3333333432674408,0.1666666716337204,0.6666666865348816,0
128,1.2181114355723064,0.3333333333333333,0.261111115415891,0.3333333432674408,0.3333333432674408,0.3333333432674408,0.3333333432674408,0.6666666865348816,0.0_0.0_1.0,0.0_0.0_0.3333333432674408,0.0_0.0_1.0,0.0_0.0_0.5,1.0_1.0_0.0,0.3333333432674408,0.1111111119389534,0.3333333432674408,0.1666666716337204,0.6666666865348816,0.3333333432674408,0.111111119389534,0.3333333432674408,0.1666666716337204,0.6666666865348816,0
129,1.2181114355723064,0.3333333333333333,0.2522222270568212,0.3333333432674408,0.3333333432674408,0.3333333432674408,0.3333333432674408,0.6666666865348816,0.0_0.0_1.0,0.0_0.0_0.3333333432674408,0.0_0.0_1.0,0.0_0.0_0.5,1.0_1.0_0.0,0.3333333432674408,0.1111111119389534,0.3333333432674408,0.1666666716337204,0.6666666865348816,0.3333333432674408,0.111111119389534,0.3333333432674408,0.1666666716337204,0.6666666865348816,0
130,1.2181114355723064,0.3333333333333333,0.2577777822812398,0.3333333432674408,0.3333333432674408,0.3333333432674408,0.3333333432674408,0.6666666865348816,0.0_0.0_1.0,0.0_0.0_0.3333333432674408,0.0_0.0_1.0,0.0_0.0_0.5,1.0_1.0_0.0,0.3333333432674408,0.1111111119389534,0.3333333432674408,0.1666666716337204,0.6666666865348816,0.3333333432674408,0.111111119389534,0.3333333432674408,0.1666666716337204,0.6666666865348816,0
131,1.2181114355723064,0.3333333333333333,0.2588888933261236,0.3333333432674408,0.3333333432674408,0.3333333432674408,0.3333333432674408,0.6666666865348816,0.0_0.0_1.0,0.0_0.0_0.3333333432674408,0.0_0.0_1.0,0.0_0.0_0.5,1.0_1.0_0.0,0.3333333432674408,0.1111111119389534,0.3333333432674408,0.1666666716337204,0.6666666865348816,0.3333333432674408,0.111111119389534,0.3333333432674408,0.1666666716337204,0.6666666865348816,0
132,1.2181114355723064,0.3333333333333333,0.26222222646077475,0.3333333432674408,0.3333333432674408,0.3333333432674408,0.3333333432674408,0.6666666865348816,0.0_0.0_1.0,0.0_0.0_0.3333333432674408,0.0_0.0_1.0,0.0_0.0_0.5,1.0_1.0_0.0,0.3333333432674408,0.1111111119389534,0.3333333432674408,0.1666666716337204,0.6666666865348816,0.3333333432674408,0.111111119389534,0.3333333432674408,0.1666666716337204,0.6666666865348816,0
133,1.2181114355723064,0.3333333333333333,0.27000000377496086,0.3333333432674408,0.3333333432674408,0.3333333432674408,0.3333333432674408,0.6666666865348816,0.0_0.0_1.0,0.0_0.0_0.3333333432674408,0.0_0.0_1.0,0.0_0.0_0.5,1.0_1.0_0.0,0.3333333432674408,0.1111111119389534,0.3333333432674408,0.1666666716337204,0.6666666865348816,0.3333333432674408,0.111111119389534,0.3333333432674408,0.1666666716337204,0.6666666865348816,0
134,1.2181114355723064,0.3333333333333333,0.25555556019147235,0.3333333432674408,0.3333333432674408,0.3333333432674408,0.3333333432674408,0.6666666865348816,0.0_0.0_1.0,0.0_0.0_0.3333333432674408,0.0_0.0_1.0,0.0_0.0_0.5,1.0_1.0_0.0,0.3333333432674408,0.1111111119389534,0.3333333432674408,0.1666666716337204,0.6666666865348816,0.3333333432674408,0.111111119389534,0.3333333432674408,0.1666666716337204,0.6666666865348816,0
135,1.2181114355723064,0.3333333333333333,0.2722222258647283,0.3333333432674408,0.3333333432674408,0.3333333432674408,0.3333333432674408,0.6666666865348816,0.0_0.0_1.0,0.0_0.0_0.3333333432674408,0.0_0.0_1.0,0.0_0.0_0.5,1.0_1.0_0.0,0.3333333432674408,0.1111111119389534,0.3333333432674408,0.1666666716337204,0.6666666865348816,0.3333333432674408,0.111111119389534,0.3333333432674408,0.1666666716337204,0.6666666865348816,0
136,1.2181114355723064,0.3333333333333333,0.26333333750565846,0.3333333432674408,0.3333333432674408,0.3333333432674408,0.3333333432674408,0.6666666865348816,0.0_0.0_1.0,0.0_0.0_0.3333333432674408,0.0_0.0_1.0,0.0_0.0_0.5,1.0_1.0_0.0,0.3333333432674408,0.1111111119389534,0.3333333432674408,0.1666666716337204,0.6666666865348816,0.3333333432674408,0.111111119389534,0.3333333432674408,0.1666666716337204,0.6666666865348816,0
137,1.2181114355723064,0.3333333333333333,0.2577777822812398,0.3333333432674408,0.3333333432674408,0.3333333432674408,0.3333333432674408,0.6666666865348816,0.0_0.0_1.0,0.0_0.0_0.3333333432674408,0.0_0.0_1.0,0.0_0.0_0.5,1.0_1.0_0.0,0.3333333432674408,0.1111111119389534,0.3333333432674408,0.1666666716337204,0.6666666865348816,0.3333333432674408,0.111111119389534,0.3333333432674408,0.1666666716337204,0.6666666865348816,0
138,1.2181114355723064,0.3333333333333333,0.2655555595954259,0.3333333432674408,0.3333333432674408,0.3333333432674408,0.3333333432674408,0.6666666865348816,0.0_0.0_1.0,0.0_0.0_0.3333333432674408,0.0_0.0_1.0,0.0_0.0_0.5,1.0_1.0_0.0,0.3333333432674408,0.1111111119389534,0.3333333432674408,0.1666666716337204,0.6666666865348816,0.3333333432674408,0.111111119389534,0.3333333432674408,0.1666666716337204,0.6666666865348816,0
139,1.2181114355723064,0.3333333333333333,0.2588888933261236,0.3333333432674408,0.3333333432674408,0.3333333432674408,0.3333333432674408,0.6666666865348816,0.0_0.0_1.0,0.0_0.0_0.3333333432674408,0.0_0.0_1.0,0.0_0.0_0.5,1.0_1.0_0.0,0.3333333432674408,0.1111111119389534,0.3333333432674408,0.1666666716337204,0.6666666865348816,0.3333333432674408,0.111111119389534,0.3333333432674408,0.1666666716337204,0.6666666865348816,0
140,1.2181114355723064,0.3333333333333333,0.2588888933261236,0.3333333432674408,0.3333333432674408,0.3333333432674408,0.3333333432674408,0.6666666865348816,0.0_0.0_1.0,0.0_0.0_0.3333333432674408,0.0_0.0_1.0,0.0_0.0_0.5,1.0_1.0_0.0,0.3333333432674408,0.1111111119389534,0.3333333432674408,0.1666666716337204,0.6666666865348816,0.3333333432674408,0.111111119389534,0.3333333432674408,0.1666666716337204,0.6666666865348816,0
141,1.2181114355723064,0.3333333333333333,0.2566666712363561,0.3333333432674408,0.3333333432674408,0.3333333432674408,0.3333333432674408,0.6666666865348816,0.0_0.0_1.0,0.0_0.0_0.3333333432674408,0.0_0.0_1.0,0.0_0.0_0.5,1.0_1.0_0.0,0.3333333432674408,0.1111111119389534,0.3333333432674408,0.1666666716337204,0.6666666865348816,0.3333333432674408,0.111111119389534,0.3333333432674408,0.1666666716337204,0.6666666865348816,0
142,1.2181114355723064,0.3333333333333333,0.26333333750565846,0.3333333432674408,0.3333333432674408,0.3333333432674408,0.3333333432674408,0.6666666865348816,0.0_0.0_1.0,0.0_0.0_0.3333333432674408,0.0_0.0_1.0,0.0_0.0_0.5,1.0_1.0_0.0,0.3333333432674408,0.1111111119389534,0.3333333432674408,0.1666666716337204,0.6666666865348816,0.3333333432674408,0.111111119389534,0.3333333432674408,0.1666666716337204,0.6666666865348816,0
143,1.2181114355723064,0.3333333333333333,0.25444444914658865,0.3333333432674408,0.3333333432674408,0.3333333432674408,0.3333333432674408,0.6666666865348816,0.0_0.0_1.0,0.0_0.0_0.3333333432674408,0.0_0.0_1.0,0.0_0.0_0.5,1.0_1.0_0.0,0.3333333432674408,0.1111111119389534,0.3333333432674408,0.1666666716337204,0.6666666865348816,0.3333333432674408,0.111111119389534,0.3333333432674408,0.1666666716337204,0.6666666865348816,0
144,1.2181114355723064,0.3333333333333333,0.2588888933261236,0.3333333432674408,0.3333333432674408,0.3333333432674408,0.3333333432674408,0.6666666865348816,0.0_0.0_1.0,0.0_0.0_0.3333333432674408,0.0_0.0_1.0,0.0_0.0_0.5,1.0_1.0_0.0,0.3333333432674408,0.1111111119389534,0.3333333432674408,0.1666666716337204,0.6666666865348816,0.3333333432674408,0.111111119389534,0.3333333432674408,0.1666666716337204,0.6666666865348816,0
145,1.2181114355723064,0.3333333333333333,0.2644444485505422,0.3333333432674408,0.3333333432674408,0.3333333432674408,0.3333333432674408,0.6666666865348816,0.0_0.0_1.0,0.0_0.0_0.3333333432674408,0.0_0.0_1.0,0.0_0.0_0.5,1.0_1.0_0.0,0.3333333432674408,0.1111111119389534,0.3333333432674408,0.1666666716337204,0.6666666865348816,0.3333333432674408,0.111111119389534,0.3333333432674408,0.1666666716337204,0.6666666865348816,0
146,1.2181114355723064,0.3333333333333333,0.2588888933261236,0.3333333432674408,0.3333333432674408,0.3333333432674408,0.3333333432674408,0.6666666865348816,0.0_0.0_1.0,0.0_0.0_0.3333333432674408,0.0_0.0_1.0,0.0_0.0_0.5,1.0_1.0_0.0,0.3333333432674408,0.1111111119389534,0.3333333432674408,0.1666666716337204,0.6666666865348816,0.3333333432674408,0.111111119389534,0.3333333432674408,0.1666666716337204,0.6666666865348816,0
147,1.2181114355723064,0.3333333333333333,0.25333333810170494,0.3333333432674408,0.3333333432674408,0.3333333432674408,0.3333333432674408,0.6666666865348816,0.0_0.0_1.0,0.0_0.0_0.3333333432674408,0.0_0.0_1.0,0.0_0.0_0.5,1.0_1.0_0.0,0.3333333432674408,0.1111111119389534,0.3333333432674408,0.1666666716337204,0.6666666865348816,0.3333333432674408,0.111111119389534,0.3333333432674408,0.1666666716337204,0.6666666865348816,0
148,1.2181114355723064,0.3333333333333333,0.26333333750565846,0.3333333432674408,0.3333333432674408,0.3333333432674408,0.3333333432674408,0.6666666865348816,0.0_0.0_1.0,0.0_0.0_0.3333333432674408,0.0_0.0_1.0,0.0_0.0_0.5,1.0_1.0_0.0,0.3333333432674408,0.1111111119389534,0.3333333432674408,0.1666666716337204,0.6666666865348816,0.3333333432674408,0.111111119389534,0.3333333432674408,0.1666666716337204,0.6666666865348816,0
149,1.2181114355723064,0.3333333333333333,0.2655555595954259,0.3333333432674408,0.3333333432674408,0.3333333432674408,0.3333333432674408,0.6666666865348816,0.0_0.0_1.0,0.0_0.0_0.3333333432674408,0.0_0.0_1.0,0.0_0.0_0.5,1.0_1.0_0.0,0.3333333432674408,0.1111111119389534,0.3333333432674408,0.1666666716337204,0.6666666865348816,0.3333333432674408,0.111111119389534,0.3333333432674408,0.1666666716337204,0.6666666865348816,0
150,1.2181114355723064,0.3333333333333333,0.2566666712363561,0.3333333432674408,0.3333333432674408,0.3333333432674408,0.3333333432674408,0.6666666865348816,0.0_0.0_1.0,0.0_0.0_0.3333333432674408,0.0_0.0_1.0,0.0_0.0_0.5,1.0_1.0_0.0,0.3333333432674408,0.1111111119389534,0.3333333432674408,0.1666666716337204,0.6666666865348816,0.3333333432674408,0.111111119389534,0.3333333432674408,0.1666666716337204,0.6666666865348816,0
151,1.2181114355723064,0.3333333333333333,0.2600000043710073,0.3333333432674408,0.3333333432674408,0.3333333432674408,0.3333333432674408,0.6666666865348816,0.0_0.0_1.0,0.0_0.0_0.3333333432674408,0.0_0.0_1.0,0.0_0.0_0.5,1.0_1.0_0.0,0.3333333432674408,0.1111111119389534,0.3333333432674408,0.1666666716337204,0.6666666865348816,0.3333333432674408,0.111111119389534,0.3333333432674408,0.1666666716337204,0.6666666865348816,0
152,1.2181114355723064,0.3333333333333333,0.2644444485505422,0.3333333432674408,0.3333333432674408,0.3333333432674408,0.3333333432674408,0.6666666865348816,0.0_0.0_1.0,0.0_0.0_0.3333333432674408,0.0_0.0_1.0,0.0_0.0_0.5,1.0_1.0_0.0,0.3333333432674408,0.1111111119389534,0.3333333432674408,0.1666666716337204,0.6666666865348816,0.3333333432674408,0.111111119389534,0.3333333432674408,0.1666666716337204,0.6666666865348816,0
153,1.2181114355723064,0.3333333333333333,0.261111115415891,0.3333333432674408,0.3333333432674408,0.3333333432674408,0.3333333432674408,0.6666666865348816,0.0_0.0_1.0,0.0_0.0_0.3333333432674408,0.0_0.0_1.0,0.0_0.0_0.5,1.0_1.0_0.0,0.3333333432674408,0.1111111119389534,0.3333333432674408,0.1666666716337204,0.6666666865348816,0.3333333432674408,0.111111119389534,0.3333333432674408,0.1666666716337204,0.6666666865348816,0
154,1.2181114355723064,0.3333333333333333,0.25444444914658865,0.3333333432674408,0.3333333432674408,0.3333333432674408,0.3333333432674408,0.6666666865348816,0.0_0.0_1.0,0.0_0.0_0.3333333432674408,0.0_0.0_1.0,0.0_0.0_0.5,1.0_1.0_0.0,0.3333333432674408,0.1111111119389534,0.3333333432674408,0.1666666716337204,0.6666666865348816,0.3333333432674408,0.111111119389534,0.3333333432674408,0.1666666716337204,0.6666666865348816,0
155,1.2181114355723064,0.3333333333333333,0.25444444914658865,0.3333333432674408,0.3333333432674408,0.3333333432674408,0.3333333432674408,0.6666666865348816,0.0_0.0_1.0,0.0_0.0_0.3333333432674408,0.0_0.0_1.0,0.0_0.0_0.5,1.0_1.0_0.0,0.3333333432674408,0.1111111119389534,0.3333333432674408,0.1666666716337204,0.6666666865348816,0.3333333432674408,0.111111119389534,0.3333333432674408,0.1666666716337204,0.6666666865348816,0
156,1.2181114355723064,0.3333333333333333,0.2588888933261236,0.3333333432674408,0.3333333432674408,0.3333333432674408,0.3333333432674408,0.6666666865348816,0.0_0.0_1.0,0.0_0.0_0.3333333432674408,0.0_0.0_1.0,0.0_0.0_0.5,1.0_1.0_0.0,0.3333333432674408,0.1111111119389534,0.3333333432674408,0.1666666716337204,0.6666666865348816,0.3333333432674408,0.111111119389534,0.3333333432674408,0.1666666716337204,0.6666666865348816,0
157,1.2181114355723064,0.3333333333333333,0.26333333750565846,0.3333333432674408,0.3333333432674408,0.3333333432674408,0.3333333432674408,0.6666666865348816,0.0_0.0_1.0,0.0_0.0_0.3333333432674408,0.0_0.0_1.0,0.0_0.0_0.5,1.0_1.0_0.0,0.3333333432674408,0.1111111119389534,0.3333333432674408,0.1666666716337204,0.6666666865348816,0.3333333432674408,0.111111119389534,0.3333333432674408,0.1666666716337204,0.6666666865348816,0
158,1.2181114355723064,0.3333333333333333,0.2644444485505422,0.3333333432674408,0.3333333432674408,0.3333333432674408,0.3333333432674408,0.6666666865348816,0.0_0.0_1.0,0.0_0.0_0.3333333432674408,0.0_0.0_1.0,0.0_0.0_0.5,1.0_1.0_0.0,0.3333333432674408,0.1111111119389534,0.3333333432674408,0.1666666716337204,0.6666666865348816,0.3333333432674408,0.111111119389534,0.3333333432674408,0.1666666716337204,0.6666666865348816,0
159,1.2181114355723064,0.3333333333333333,0.26222222646077475,0.3333333432674408,0.3333333432674408,0.3333333432674408,0.3333333432674408,0.6666666865348816,0.0_0.0_1.0,0.0_0.0_0.3333333432674408,0.0_0.0_1.0,0.0_0.0_0.5,1.0_1.0_0.0,0.3333333432674408,0.1111111119389534,0.3333333432674408,0.1666666716337204,0.6666666865348816,0.3333333432674408,0.111111119389534,0.3333333432674408,0.1666666716337204,0.6666666865348816,0
160,1.2181114355723064,0.3333333333333333,0.261111115415891,0.3333333432674408,0.3333333432674408,0.3333333432674408,0.3333333432674408,0.6666666865348816,0.0_0.0_1.0,0.0_0.0_0.3333333432674408,0.0_0.0_1.0,0.0_0.0_0.5,1.0_1.0_0.0,0.3333333432674408,0.1111111119389534,0.3333333432674408,0.1666666716337204,0.6666666865348816,0.3333333432674408,0.111111119389534,0.3333333432674408,0.1666666716337204,0.6666666865348816,0
161,1.2181114355723064,0.3333333333333333,0.2588888933261236,0.3333333432674408,0.3333333432674408,0.3333333432674408,0.3333333432674408,0.6666666865348816,0.0_0.0_1.0,0.0_0.0_0.3333333432674408,0.0_0.0_1.0,0.0_0.0_0.5,1.0_1.0_0.0,0.3333333432674408,0.1111111119389534,0.3333333432674408,0.1666666716337204,0.6666666865348816,0.3333333432674408,0.111111119389534,0.3333333432674408,0.1666666716337204,0.6666666865348816,0
162,1.2181114355723064,0.3333333333333333,0.2644444485505422,0.3333333432674408,0.3333333432674408,0.3333333432674408,0.3333333432674408,0.6666666865348816,0.0_0.0_1.0,0.0_0.0_0.3333333432674408,0.0_0.0_1.0,0.0_0.0_0.5,1.0_1.0_0.0,0.3333333432674408,0.1111111119389534,0.3333333432674408,0.1666666716337204,0.6666666865348816,0.3333333432674408,0.111111119389534,0.3333333432674408,0.1666666716337204,0.6666666865348816,0
163,1.2181114355723064,0.3333333333333333,0.26333333750565846,0.3333333432674408,0.3333333432674408,0.3333333432674408,0.3333333432674408,0.6666666865348816,0.0_0.0_1.0,0.0_0.0_0.3333333432674408,0.0_0.0_1.0,0.0_0.0_0.5,1.0_1.0_0.0,0.3333333432674408,0.1111111119389534,0.3333333432674408,0.1666666716337204,0.6666666865348816,0.3333333432674408,0.111111119389534,0.3333333432674408,0.1666666716337204,0.6666666865348816,0
164,1.2181114355723064,0.3333333333333333,0.2600000043710073,0.3333333432674408,0.3333333432674408,0.3333333432674408,0.3333333432674408,0.6666666865348816,0.0_0.0_1.0,0.0_0.0_0.3333333432674408,0.0_0.0_1.0,0.0_0.0_0.5,1.0_1.0_0.0,0.3333333432674408,0.1111111119389534,0.3333333432674408,0.1666666716337204,0.6666666865348816,0.3333333432674408,0.111111119389534,0.3333333432674408,0.1666666716337204,0.6666666865348816,0
165,1.2181114355723064,0.3333333333333333,0.2655555595954259,0.3333333432674408,0.3333333432674408,0.3333333432674408,0.3333333432674408,0.6666666865348816,0.0_0.0_1.0,0.0_0.0_0.3333333432674408,0.0_0.0_1.0,0.0_0.0_0.5,1.0_1.0_0.0,0.3333333432674408,0.1111111119389534,0.3333333432674408,0.1666666716337204,0.6666666865348816,0.3333333432674408,0.111111119389534,0.3333333432674408,0.1666666716337204,0.6666666865348816,0
166,1.2181114355723064,0.3333333333333333,0.2688888927300771,0.3333333432674408,0.3333333432674408,0.3333333432674408,0.3333333432674408,0.6666666865348816,0.0_0.0_1.0,0.0_0.0_0.3333333432674408,0.0_0.0_1.0,0.0_0.0_0.5,1.0_1.0_0.0,0.3333333432674408,0.1111111119389534,0.3333333432674408,0.1666666716337204,0.6666666865348816,0.3333333432674408,0.111111119389534,0.3333333432674408,0.1666666716337204,0.6666666865348816,0
167,1.2181114355723064,0.3333333333333333,0.2566666712363561,0.3333333432674408,0.3333333432674408,0.3333333432674408,0.3333333432674408,0.6666666865348816,0.0_0.0_1.0,0.0_0.0_0.3333333432674408,0.0_0.0_1.0,0.0_0.0_0.5,1.0_1.0_0.0,0.3333333432674408,0.1111111119389534,0.3333333432674408,0.1666666716337204,0.6666666865348816,0.3333333432674408,0.111111119389534,0.3333333432674408,0.1666666716337204,0.6666666865348816,0
168,1.2181114355723064,0.3333333333333333,0.2600000043710073,0.3333333432674408,0.3333333432674408,0.3333333432674408,0.3333333432674408,0.6666666865348816,0.0_0.0_1.0,0.0_0.0_0.3333333432674408,0.0_0.0_1.0,0.0_0.0_0.5,1.0_1.0_0.0,0.3333333432674408,0.1111111119389534,0.3333333432674408,0.1666666716337204,0.6666666865348816,0.3333333432674408,0.111111119389534,0.3333333432674408,0.1666666716337204,0.6666666865348816,0
169,1.2181114355723064,0.3333333333333333,0.2688888927300771,0.3333333432674408,0.3333333432674408,0.3333333432674408,0.3333333432674408,0.6666666865348816,0.0_0.0_1.0,0.0_0.0_0.3333333432674408,0.0_0.0_1.0,0.0_0.0_0.5,1.0_1.0_0.0,0.3333333432674408,0.1111111119389534,0.3333333432674408,0.1666666716337204,0.6666666865348816,0.3333333432674408,0.111111119389534,0.3333333432674408,0.1666666716337204,0.6666666865348816,0
170,1.2181114355723064,0.3333333333333333,0.26222222646077475,0.3333333432674408,0.3333333432674408,0.3333333432674408,0.3333333432674408,0.6666666865348816,0.0_0.0_1.0,0.0_0.0_0.3333333432674408,0.0_0.0_1.0,0.0_0.0_0.5,1.0_1.0_0.0,0.3333333432674408,0.1111111119389534,0.3333333432674408,0.1666666716337204,0.6666666865348816,0.3333333432674408,0.111111119389534,0.3333333432674408,0.1666666716337204,0.6666666865348816,0
171,1.2181114355723064,0.3333333333333333,0.2677777816851934,0.3333333432674408,0.3333333432674408,0.3333333432674408,0.3333333432674408,0.6666666865348816,0.0_0.0_1.0,0.0_0.0_0.3333333432674408,0.0_0.0_1.0,0.0_0.0_0.5,1.0_1.0_0.0,0.3333333432674408,0.1111111119389534,0.3333333432674408,0.1666666716337204,0.6666666865348816,0.3333333432674408,0.111111119389534,0.3333333432674408,0.1666666716337204,0.6666666865348816,0
172,1.2181114355723064,0.3333333333333333,0.2566666712363561,0.3333333432674408,0.3333333432674408,0.3333333432674408,0.3333333432674408,0.6666666865348816,0.0_0.0_1.0,0.0_0.0_0.3333333432674408,0.0_0.0_1.0,0.0_0.0_0.5,1.0_1.0_0.0,0.3333333432674408,0.1111111119389534,0.3333333432674408,0.1666666716337204,0.6666666865348816,0.3333333432674408,0.111111119389534,0.3333333432674408,0.1666666716337204,0.6666666865348816,0
173,1.2181114355723064,0.3333333333333333,0.2588888933261236,0.3333333432674408,0.3333333432674408,0.3333333432674408,0.3333333432674408,0.6666666865348816,0.0_0.0_1.0,0.0_0.0_0.3333333432674408,0.0_0.0_1.0,0.0_0.0_0.5,1.0_1.0_0.0,0.3333333432674408,0.1111111119389534,0.3333333432674408,0.1666666716337204,0.6666666865348816,0.3333333432674408,0.111111119389534,0.3333333432674408,0.1666666716337204,0.6666666865348816,0
174,1.2181114355723064,0.3333333333333333,0.2511111160119375,0.3333333432674408,0.3333333432674408,0.3333333432674408,0.3333333432674408,0.6666666865348816,0.0_0.0_1.0,0.0_0.0_0.3333333432674408,0.0_0.0_1.0,0.0_0.0_0.5,1.0_1.0_0.0,0.3333333432674408,0.1111111119389534,0.3333333432674408,0.1666666716337204,0.6666666865348816,0.3333333432674408,0.111111119389534,0.3333333432674408,0.1666666716337204,0.6666666865348816,0
175,1.2181114355723064,0.3333333333333333,0.2655555595954259,0.3333333432674408,0.3333333432674408,0.3333333432674408,0.3333333432674408,0.6666666865348816,0.0_0.0_1.0,0.0_0.0_0.3333333432674408,0.0_0.0_1.0,0.0_0.0_0.5,1.0_1.0_0.0,0.3333333432674408,0.1111111119389534,0.3333333432674408,0.1666666716337204,0.6666666865348816,0.3333333432674408,0.111111119389534,0.3333333432674408,0.1666666716337204,0.6666666865348816,0
176,1.2181114355723064,0.3333333333333333,0.26222222646077475,0.3333333432674408,0.3333333432674408,0.3333333432674408,0.3333333432674408,0.6666666865348816,0.0_0.0_1.0,0.0_0.0_0.3333333432674408,0.0_0.0_1.0,0.0_0.0_0.5,1.0_1.0_0.0,0.3333333432674408,0.1111111119389534,0.3333333432674408,0.1666666716337204,0.6666666865348816,0.3333333432674408,0.111111119389534,0.3333333432674408,0.1666666716337204,0.6666666865348816,0
177,1.2181114355723064,0.3333333333333333,0.2677777816851934,0.3333333432674408,0.3333333432674408,0.3333333432674408,0.3333333432674408,0.6666666865348816,0.0_0.0_1.0,0.0_0.0_0.3333333432674408,0.0_0.0_1.0,0.0_0.0_0.5,1.0_1.0_0.0,0.3333333432674408,0.1111111119389534,0.3333333432674408,0.1666666716337204,0.6666666865348816,0.3333333432674408,0.111111119389534,0.3333333432674408,0.1666666716337204,0.6666666865348816,0
178,1.2181114355723064,0.3333333333333333,0.2566666712363561,0.3333333432674408,0.3333333432674408,0.3333333432674408,0.3333333432674408,0.6666666865348816,0.0_0.0_1.0,0.0_0.0_0.3333333432674408,0.0_0.0_1.0,0.0_0.0_0.5,1.0_1.0_0.0,0.3333333432674408,0.1111111119389534,0.3333333432674408,0.1666666716337204,0.6666666865348816,0.3333333432674408,0.111111119389534,0.3333333432674408,0.1666666716337204,0.6666666865348816,0
179,1.2181114355723064,0.3333333333333333,0.2566666712363561,0.3333333432674408,0.3333333432674408,0.3333333432674408,0.3333333432674408,0.6666666865348816,0.0_0.0_1.0,0.0_0.0_0.3333333432674408,0.0_0.0_1.0,0.0_0.0_0.5,1.0_1.0_0.0,0.3333333432674408,0.1111111119389534,0.3333333432674408,0.1666666716337204,0.6666666865348816,0.3333333432674408,0.111111119389534,0.3333333432674408,0.1666666716337204,0.6666666865348816,0
180,1.2181114355723064,0.3333333333333333,0.2644444485505422,0.3333333432674408,0.3333333432674408,0.3333333432674408,0.3333333432674408,0.6666666865348816,0.0_0.0_1.0,0.0_0.0_0.3333333432674408,0.0_0.0_1.0,0.0_0.0_0.5,1.0_1.0_0.0,0.3333333432674408,0.1111111119389534,0.3333333432674408,0.1666666716337204,0.6666666865348816,0.3333333432674408,0.111111119389534,0.3333333432674408,0.1666666716337204,0.6666666865348816,0
181,1.2181114355723064,0.3333333333333333,0.261111115415891,0.3333333432674408,0.3333333432674408,0.3333333432674408,0.3333333432674408,0.6666666865348816,0.0_0.0_1.0,0.0_0.0_0.3333333432674408,0.0_0.0_1.0,0.0_0.0_0.5,1.0_1.0_0.0,0.3333333432674408,0.1111111119389534,0.3333333432674408,0.1666666716337204,0.6666666865348816,0.3333333432674408,0.111111119389534,0.3333333432674408,0.1666666716337204,0.6666666865348816,0
182,1.2181114355723064,0.3333333333333333,0.25333333810170494,0.3333333432674408,0.3333333432674408,0.3333333432674408,0.3333333432674408,0.6666666865348816,0.0_0.0_1.0,0.0_0.0_0.3333333432674408,0.0_0.0_1.0,0.0_0.0_0.5,1.0_1.0_0.0,0.3333333432674408,0.1111111119389534,0.3333333432674408,0.1666666716337204,0.6666666865348816,0.3333333432674408,0.111111119389534,0.3333333432674408,0.1666666716337204,0.6666666865348816,0
183,1.2181114355723064,0.3333333333333333,0.261111115415891,0.3333333432674408,0.3333333432674408,0.3333333432674408,0.3333333432674408,0.6666666865348816,0.0_0.0_1.0,0.0_0.0_0.3333333432674408,0.0_0.0_1.0,0.0_0.0_0.5,1.0_1.0_0.0,0.3333333432674408,0.1111111119389534,0.3333333432674408,0.1666666716337204,0.6666666865348816,0.3333333432674408,0.111111119389534,0.3333333432674408,0.1666666716337204,0.6666666865348816,0
184,1.2181114355723064,0.3333333333333333,0.2644444485505422,0.3333333432674408,0.3333333432674408,0.3333333432674408,0.3333333432674408,0.6666666865348816,0.0_0.0_1.0,0.0_0.0_0.3333333432674408,0.0_0.0_1.0,0.0_0.0_0.5,1.0_1.0_0.0,0.3333333432674408,0.1111111119389534,0.3333333432674408,0.1666666716337204,0.6666666865348816,0.3333333432674408,0.111111119389534,0.3333333432674408,0.1666666716337204,0.6666666865348816,0
185,1.2181114355723064,0.3333333333333333,0.25555556019147235,0.3333333432674408,0.3333333432674408,0.3333333432674408,0.3333333432674408,0.6666666865348816,0.0_0.0_1.0,0.0_0.0_0.3333333432674408,0.0_0.0_1.0,0.0_0.0_0.5,1.0_1.0_0.0,0.3333333432674408,0.1111111119389534,0.3333333432674408,0.1666666716337204,0.6666666865348816,0.3333333432674408,0.111111119389534,0.3333333432674408,0.1666666716337204,0.6666666865348816,0
186,1.2181114355723064,0.3333333333333333,0.25333333810170494,0.3333333432674408,0.3333333432674408,0.3333333432674408,0.3333333432674408,0.6666666865348816,0.0_0.0_1.0,0.0_0.0_0.3333333432674408,0.0_0.0_1.0,0.0_0.0_0.5,1.0_1.0_0.0,0.3333333432674408,0.1111111119389534,0.3333333432674408,0.1666666716337204,0.6666666865348816,0.3333333432674408,0.111111119389534,0.3333333432674408,0.1666666716337204,0.6666666865348816,0
187,1.2181114355723064,0.3333333333333333,0.2677777816851934,0.3333333432674408,0.3333333432674408,0.3333333432674408,0.3333333432674408,0.6666666865348816,0.0_0.0_1.0,0.0_0.0_0.3333333432674408,0.0_0.0_1.0,0.0_0.0_0.5,1.0_1.0_0.0,0.3333333432674408,0.1111111119389534,0.3333333432674408,0.1666666716337204,0.6666666865348816,0.3333333432674408,0.111111119389534,0.3333333432674408,0.1666666716337204,0.6666666865348816,0
188,1.2181114355723064,0.3333333333333333,0.2600000043710073,0.3333333432674408,0.3333333432674408,0.3333333432674408,0.3333333432674408,0.6666666865348816,0.0_0.0_1.0,0.0_0.0_0.3333333432674408,0.0_0.0_1.0,0.0_0.0_0.5,1.0_1.0_0.0,0.3333333432674408,0.1111111119389534,0.3333333432674408,0.1666666716337204,0.6666666865348816,0.3333333432674408,0.111111119389534,0.3333333432674408,0.1666666716337204,0.6666666865348816,0
189,1.2181114355723064,0.3333333333333333,0.261111115415891,0.3333333432674408,0.3333333432674408,0.3333333432674408,0.3333333432674408,0.6666666865348816,0.0_0.0_1.0,0.0_0.0_0.3333333432674408,0.0_0.0_1.0,0.0_0.0_0.5,1.0_1.0_0.0,0.3333333432674408,0.1111111119389534,0.3333333432674408,0.1666666716337204,0.6666666865348816,0.3333333432674408,0.111111119389534,0.3333333432674408,0.1666666716337204,0.6666666865348816,0
190,1.2181114355723064,0.3333333333333333,0.26333333750565846,0.3333333432674408,0.3333333432674408,0.3333333432674408,0.3333333432674408,0.6666666865348816,0.0_0.0_1.0,0.0_0.0_0.3333333432674408,0.0_0.0_1.0,0.0_0.0_0.5,1.0_1.0_0.0,0.3333333432674408,0.1111111119389534,0.3333333432674408,0.1666666716337204,0.6666666865348816,0.3333333432674408,0.111111119389534,0.3333333432674408,0.1666666716337204,0.6666666865348816,0
191,1.2181114355723064,0.3333333333333333,0.2600000043710073,0.3333333432674408,0.3333333432674408,0.3333333432674408,0.3333333432674408,0.6666666865348816,0.0_0.0_1.0,0.0_0.0_0.3333333432674408,0.0_0.0_1.0,0.0_0.0_0.5,1.0_1.0_0.0,0.3333333432674408,0.1111111119389534,0.3333333432674408,0.1666666716337204,0.6666666865348816,0.3333333432674408,0.111111119389534,0.3333333432674408,0.1666666716337204,0.6666666865348816,0
192,1.2181114355723064,0.3333333333333333,0.26333333750565846,0.3333333432674408,0.3333333432674408,0.3333333432674408,0.3333333432674408,0.6666666865348816,0.0_0.0_1.0,0.0_0.0_0.3333333432674408,0.0_0.0_1.0,0.0_0.0_0.5,1.0_1.0_0.0,0.3333333432674408,0.1111111119389534,0.3333333432674408,0.1666666716337204,0.6666666865348816,0.3333333432674408,0.111111119389534,0.3333333432674408,0.1666666716337204,0.6666666865348816,0
193,1.2181114355723064,0.3333333333333333,0.2644444485505422,0.3333333432674408,0.3333333432674408,0.3333333432674408,0.3333333432674408,0.6666666865348816,0.0_0.0_1.0,0.0_0.0_0.3333333432674408,0.0_0.0_1.0,0.0_0.0_0.5,1.0_1.0_0.0,0.3333333432674408,0.1111111119389534,0.3333333432674408,0.1666666716337204,0.6666666865348816,0.3333333432674408,0.111111119389534,0.3333333432674408,0.1666666716337204,0.6666666865348816,0
194,1.2181114355723064,0.3333333333333333,0.2566666712363561,0.3333333432674408,0.3333333432674408,0.3333333432674408,0.3333333432674408,0.6666666865348816,0.0_0.0_1.0,0.0_0.0_0.3333333432674408,0.0_0.0_1.0,0.0_0.0_0.5,1.0_1.0_0.0,0.3333333432674408,0.1111111119389534,0.3333333432674408,0.1666666716337204,0.6666666865348816,0.3333333432674408,0.111111119389534,0.3333333432674408,0.1666666716337204,0.6666666865348816,0
195,1.2181114355723064,0.3333333333333333,0.26222222646077475,0.3333333432674408,0.3333333432674408,0.3333333432674408,0.3333333432674408,0.6666666865348816,0.0_0.0_1.0,0.0_0.0_0.3333333432674408,0.0_0.0_1.0,0.0_0.0_0.5,1.0_1.0_0.0,0.3333333432674408,0.1111111119389534,0.3333333432674408,0.1666666716337204,0.6666666865348816,0.3333333432674408,0.111111119389534,0.3333333432674408,0.1666666716337204,0.6666666865348816,0
196,1.2181114355723064,0.3333333333333333,0.261111115415891,0.3333333432674408,0.3333333432674408,0.3333333432674408,0.3333333432674408,0.6666666865348816,0.0_0.0_1.0,0.0_0.0_0.3333333432674408,0.0_0.0_1.0,0.0_0.0_0.5,1.0_1.0_0.0,0.3333333432674408,0.1111111119389534,0.3333333432674408,0.1666666716337204,0.6666666865348816,0.3333333432674408,0.111111119389534,0.3333333432674408,0.1666666716337204,0.6666666865348816,0
197,1.2181114355723064,0.3333333333333333,0.2577777822812398,0.3333333432674408,0.3333333432674408,0.3333333432674408,0.3333333432674408,0.6666666865348816,0.0_0.0_1.0,0.0_0.0_0.3333333432674408,0.0_0.0_1.0,0.0_0.0_0.5,1.0_1.0_0.0,0.3333333432674408,0.1111111119389534,0.3333333432674408,0.1666666716337204,0.6666666865348816,0.3333333432674408,0.111111119389534,0.3333333432674408,0.1666666716337204,0.6666666865348816,0
198,1.2181114355723064,0.3333333333333333,0.2588888933261236,0.3333333432674408,0.3333333432674408,0.3333333432674408,0.3333333432674408,0.6666666865348816,0.0_0.0_1.0,0.0_0.0_0.3333333432674408,0.0_0.0_1.0,0.0_0.0_0.5,1.0_1.0_0.0,0.3333333432674408,0.1111111119389534,0.3333333432674408,0.1666666716337204,0.6666666865348816,0.3333333432674408,0.111111119389534,0.3333333432674408,0.1666666716337204,0.6666666865348816,0
199,1.2181114355723064,0.3333333333333333,0.2511111160119375,0.3333333432674408,0.3333333432674408,0.3333333432674408,0.3333333432674408,0.6666666865348816,0.0_0.0_1.0,0.0_0.0_0.3333333432674408,0.0_0.0_1.0,0.0_0.0_0.5,1.0_1.0_0.0,0.3333333432674408,0.1111111119389534,0.3333333432674408,0.1666666716337204,0.6666666865348816,0.3333333432674408,0.111111119389534,0.3333333432674408,0.1666666716337204,0.6666666865348816,0
